{
    "h;h2o2;nadh": {
        "Enterococcus faecalis": [
            123.0,
            37.0,
            6.66666667,
            100.0,
            100.0,
            23.3,
            3.9,
            23.0,
            23.3
        ]
    },
    "REST": {
        "Enterococcus faecalis": [
            49.3333333,
            49.3333333,
            8.5,
            1.5,
            1.2,
            1.2,
            2.5,
            3.4,
            2.0,
            2.4,
            3.4,
            3.9,
            2.9,
            2.0,
            3.6,
            2.4,
            0.29,
            2.6
        ]
    },
    "h;mndn;nadh": {
        "Enterococcus faecalis": [
            1.8
        ]
    },
    "h;nadh;pqq": {
        "Enterococcus faecalis": [
            0.38
        ]
    }
}