{
    "REST": {
        "Xenopus laevis": [
            0.0523333333,
            0.0511666667,
            0.0641666667,
            0.00333333333,
            0.0045,
            0.00666666667
        ]
    },
    "17ahprgstrn;nadph": {
        "Xenopus laevis": [
            0.0085,
            0.0221666667,
            0.0355
        ],
        "Homo sapiens": [
            0.00216666667,
            0.00216666667,
            0.00166666667,
            0.000833333333,
            0.002,
            0.000666666667
        ]
    },
    "17ahprgnlone;nadph": {
        "Xenopus laevis": [
            0.00683333333,
            0.0326666667,
            0.0285
        ],
        "Homo sapiens": [
            0.00133333333,
            0.0113333333,
            0.00166666667,
            0.00166666667,
            0.00216666667,
            0.00483333333,
            0.0103333333,
            0.00666666667,
            0.00183333333
        ]
    }
}