{
    "coumarin;h;nadph;o2": {
        "Homo sapiens": [
            0.075,
            0.148,
            0.12
        ]
    },
    "REST": {
        "Homo sapiens": [
            0.04,
            0.045,
            0.016,
            0.133,
            0.037,
            0.033,
            0.018,
            0.167,
            0.00416666667,
            0.00566666667,
            0.0316666667,
            0.158333333,
            0.0666666667,
            0.666666667,
            0.0206666667,
            0.0816666667,
            0.107666667,
            0.176666667,
            0.0885,
            0.0885,
            0.0185,
            0.00501666667,
            0.02,
            0.019,
            0.0225,
            0.017,
            0.00733333333,
            0.012,
            0.0156666667,
            0.0166666667,
            0.0106666667,
            0.014,
            0.011,
            0.0115,
            0.013,
            0.0113333333,
            0.00883333333,
            0.0128333333,
            0.00933333333,
            0.0141666667,
            0.0146666667,
            0.012,
            0.008,
            0.0126666667,
            0.0105,
            0.711666667,
            1.02666667,
            0.986666667,
            1.33,
            1.07333333,
            0.161333333,
            0.0636666667,
            0.05,
            0.09,
            0.0966666667,
            0.183333333,
            0.0833333333,
            0.025,
            0.021666666666666667,
            0.04766666666666666,
            0.19333333333333333,
            0.12333333333333334,
            0.008,
            0.6,
            0.2833333333333333
        ],
        "Oryctolagus cuniculus": [
            1.5,
            0.666666667,
            0.2,
            0.2,
            0.2,
            0.2,
            0.2,
            0.2
        ],
        "Rattus norvegicus": [
            0.0483333333,
            0.105,
            0.133333333,
            0.141666667,
            2.5,
            3.43,
            0.431666667,
            2.63666667,
            3.65666667,
            0.658333333
        ],
        "Bacillus licheniformis": [
            27.7333333,
            59.8166667,
            13.8666667,
            21.0666667,
            25.65,
            22.8166667,
            16.1833333,
            29.3333333
        ],
        "Bacillus subtilis": [
            26.9166667,
            0.683333333,
            3.33333333,
            7.16666667,
            90.5,
            70.25,
            64.4166667,
            79.8333333,
            101.75,
            87.1666667,
            101.25,
            635.833333,
            1.73333333,
            9.26666667,
            11.2666667,
            6.23333333,
            13.2333333,
            34.25,
            36.0,
            34.9166667,
            64.0833333,
            18.5,
            28.1666667,
            617.5
        ],
        "Mus musculus": [
            0.13799999999999998,
            0.0021666666666666666
        ],
        "Canis familiaris": [
            0.9166666666666666,
            0.2833333333333333
        ]
    },
    "indole;o2": {
        "Homo sapiens": [
            0.0283333333
        ]
    },
    "cytc;h;nadph": {
        "Bacillus licheniformis": [
            122.383333
        ],
        "Bacillus subtilis": [
            190.0,
            192.666667,
            58.6666667,
            58.8333333
        ]
    },
    "cytc;h;nadh": {
        "Bacillus subtilis": [
            30.8333333,
            1.59
        ]
    },
    "h;nadph;o2;retinol": {
        "Homo sapiens": [
            0.0025
        ],
        "Mus musculus": [
            0.004
        ]
    },
    "retinal;h;nadph;o2": {
        "Homo sapiens": [
            0.012833333333333334
        ],
        "Mus musculus": [
            0.008666666666666666
        ]
    }
}