{
    "REST": {
        "Xenopus laevis": [
            0.0523333333,
            0.0511666667,
            0.0641666667,
            0.00333333333,
            0.0045,
            0.00666666667
        ],
        "Arabidopsis thaliana": [
            0.16333333333333333,
            0.25,
            2.3333333333333335,
            0.43333333333333335,
            0.8833333333333333,
            0.4166666666666667,
            0.12,
            0.16666666666666666,
            2.74333333,
            1.09666667,
            3.86666667,
            2.55666667,
            1.17,
            1.035,
            0.458333333
        ],
        "Oryza sativa": [
            0.017,
            0.013,
            46.0,
            0.022,
            49.0
        ],
        "Gallus gallus": [
            0.32
        ],
        "Homo sapiens": [
            0.711666667,
            1.3,
            1.33,
            0.133,
            1.02666667,
            1.07333333,
            0.0161666667,
            0.183333333,
            0.0141666667,
            0.0101666667,
            0.115,
            0.0666666667,
            0.00416666667,
            0.0183333333,
            0.161333333,
            0.0225,
            0.0185,
            0.12333333333333334,
            0.0105,
            0.0206666667,
            0.2,
            0.226666667,
            0.236666667,
            0.143333333,
            0.0166666667,
            0.107666667,
            0.0146666667,
            0.0126666667,
            0.0106666667,
            0.045,
            0.043,
            0.037,
            0.033,
            0.0128333333,
            0.0833333333,
            0.00883333333,
            0.025,
            0.019,
            0.017,
            0.013,
            0.011,
            0.0533333333,
            0.883333333,
            0.416666667,
            0.255,
            0.986666667,
            0.666666667,
            0.176666667,
            0.0816666667,
            0.6,
            0.2833333333333333,
            0.0333333333,
            0.0636666667,
            0.178333333,
            0.158333333,
            0.09,
            0.04766666666666666,
            0.0113333333,
            0.00933333333,
            0.00733333333,
            0.0316666667,
            0.0115,
            0.062,
            0.241666667,
            0.021666666666666667,
            0.0156666667,
            0.00566666667,
            0.106666667,
            0.118333333,
            0.048,
            0.05,
            0.04,
            0.165,
            0.233333333,
            0.201666667,
            0.167,
            0.0885,
            0.19333333333333333,
            0.02,
            0.018,
            0.016,
            0.0966666667,
            0.014,
            0.012,
            0.008,
            0.00501666667
        ],
        "Medicago truncatula": [
            0.1,
            0.033,
            0.015,
            0.028
        ],
        "Nicotiana tabacum": [
            0.493,
            0.582,
            0.2
        ],
        "Oryctolagus cuniculus": [
            0.666666667,
            1.5,
            0.2
        ],
        "Rattus norvegicus": [
            0.0483333333,
            0.105,
            2.5,
            0.141666667,
            0.133333333,
            3.43,
            0.431666667,
            2.63666667,
            3.65666667,
            0.658333333
        ],
        "Bacillus licheniformis": [
            27.7333333,
            13.8666667,
            16.1833333,
            21.0666667,
            22.8166667,
            25.65,
            59.8166667,
            29.3333333
        ],
        "Bacillus subtilis": [
            0.683333333,
            1.73333333,
            3.33333333,
            6.23333333,
            7.16666667,
            9.26666667,
            11.2666667,
            13.2333333,
            18.5,
            26.9166667,
            28.1666667,
            34.25,
            34.9166667,
            36.0,
            64.4166667,
            64.0833333,
            70.25,
            79.8333333,
            87.1666667,
            90.5,
            101.75,
            101.25,
            617.5,
            635.833333
        ],
        "Mus musculus": [
            0.13799999999999998,
            0.0021666666666666666
        ],
        "Canis familiaris": [
            0.9166666666666666,
            0.2833333333333333
        ]
    },
    "17ahprgstrn;nadph": {
        "Xenopus laevis": [
            0.0085,
            0.0221666667,
            0.0355
        ],
        "Homo sapiens": [
            0.00216666667,
            0.00216666667,
            0.00166666667,
            0.000833333333,
            0.002,
            0.000666666667
        ]
    },
    "17ahprgnlone;nadph": {
        "Xenopus laevis": [
            0.00683333333,
            0.0326666667,
            0.0285
        ],
        "Homo sapiens": [
            0.00133333333,
            0.0113333333,
            0.00166666667,
            0.00166666667,
            0.00216666667,
            0.00483333333,
            0.0103333333,
            0.00666666667,
            0.00183333333
        ]
    },
    "h;phe__L;nadph;o2": {
        "Arabidopsis thaliana": [
            0.004
        ]
    },
    "h;nadph;o2;cinnm": {
        "Helianthus tuberosus": [
            7.0,
            6.66666667
        ],
        "Arabidopsis thaliana": [
            1.715
        ]
    },
    "h;val__L;nadph;o2": {
        "Manihot esculenta": [
            0.0716666667
        ]
    },
    "h;ile__L;nadph;o2": {
        "Manihot esculenta": [
            0.0383333333
        ]
    },
    "h;arg__L;nadph;o2": {
        "Bacillus subtilis": [
            0.0018333333333333333,
            0.0018333333333333333
        ]
    },
    "coumarin;h;nadph;o2": {
        "Homo sapiens": [
            0.075,
            0.148,
            0.12
        ]
    },
    "indole;o2": {
        "Homo sapiens": [
            0.0283333333
        ]
    },
    "cytc;h;nadph": {
        "Bacillus licheniformis": [
            122.383333
        ],
        "Bacillus subtilis": [
            190.0,
            192.666667,
            58.6666667,
            58.8333333
        ]
    },
    "cytc;h;nadh": {
        "Bacillus subtilis": [
            30.8333333,
            1.59
        ]
    },
    "h;nadph;o2;retinol": {
        "Homo sapiens": [
            0.0025
        ],
        "Mus musculus": [
            0.004
        ]
    },
    "retinal;h;nadph;o2": {
        "Homo sapiens": [
            0.012833333333333334
        ],
        "Mus musculus": [
            0.008666666666666666
        ]
    },
    "h;tyr__L;nadph;o2": {
        "Sorghum bicolor": [
            3.8,
            3.3
        ]
    }
}