{
    "REST": {
        "Homo sapiens": [
            0.011,
            0.011,
            0.011,
            0.011,
            0.000112
        ],
        "Rattus norvegicus": [
            0.75,
            0.416666667,
            0.633333333,
            0.283333333,
            0.433333333,
            0.12,
            0.0025,
            0.00283333333,
            2.61666667,
            1.75,
            1.88333333,
            1.3,
            1.25,
            0.216666667,
            0.3,
            0.483333333,
            1.66666667,
            0.466666667,
            0.2,
            0.233333333,
            0.266666667,
            0.15,
            0.131666667,
            0.04,
            0.0533333333,
            0.06,
            0.0138333333,
            0.0533333333,
            0.0216666667,
            0.001,
            0.013,
            0.0166666667,
            1.88333333,
            0.383333333
        ]
    },
    "CE2209;nad": {
        "Homo sapiens": [
            0.093,
            0.093
        ],
        "Rattus norvegicus": [
            0.07
        ]
    },
    "ahandrostan;nad": {
        "Rattus norvegicus": [
            0.006
        ]
    },
    "ahandrostan;h;nadh": {
        "Rattus norvegicus": [
            0.11
        ]
    },
    "andrstandn;h;nadh": {
        "Rattus norvegicus": [
            0.0216666667
        ]
    },
    "andrstndn;h;nadh": {
        "Rattus norvegicus": [
            0.0166666667
        ]
    },
    "estrone;h;nadh": {
        "Rattus norvegicus": [
            0.005
        ]
    },
    "17ahprgstrn;h;nadh": {
        "Rattus norvegicus": [
            0.0416666667
        ]
    }
}