{
    "REST": {
        "Oryza sativa": [
            1.3,
            3.4
        ],
        "Populus tremuloides": [
            40.5683333,
            16.2583333
        ],
        "Ocimum basilicum": [
            0.3,
            0.5
        ],
        "Arabidopsis thaliana": [
            3.44,
            1.33,
            2.1,
            2.52,
            0.72,
            14.52,
            7.3,
            12.19,
            8.28,
            13.72,
            0.27,
            1.81,
            0.65,
            1.34,
            3.93,
            1.65,
            0.8,
            0.39,
            1.47,
            0.74,
            2.18,
            6.04,
            0.99,
            0.21,
            0.05,
            1.59,
            0.54,
            0.44,
            0.81,
            2.25
        ]
    }
}