{
    "REST": {
        "Bos taurus": [
            0.0141666667,
            0.113833333
        ],
        "Homo sapiens": [
            0.5833333333333334,
            1.8333333333333333,
            1.4
        ]
    },
    "nadph;prostgh2": {
        "Bos taurus": [
            0.00566666667
        ]
    }
}