{
    "REST": {
        "Sus scrofa": [
            16.6333333,
            19.3333333,
            26.8333333,
            21.6666667,
            5.6,
            26.8333333,
            1.76666667,
            47.0,
            58.0,
            19.0,
            64.0,
            12.0,
            41.7,
            22.2,
            2.44
        ],
        "Saccharomyces cerevisiae": [
            57.0,
            113.0,
            74.9,
            56.6,
            71.1,
            2.55,
            14.0,
            47.3,
            92.3,
            91.8,
            81.6,
            50.1
        ],
        "Homo sapiens": [
            9.33333333,
            1.51666667,
            5.58333333,
            1.3,
            3.7,
            5.1,
            3.7,
            9.33333333,
            1.88333333,
            1.58333333,
            2.48333333,
            0.15,
            1.58333333,
            0.55,
            0.783333333,
            1.0,
            0.0333333333,
            0.7,
            7.25,
            3.11666667,
            2.76666667,
            0.816666667,
            6.96666667,
            0.15,
            7.36666667,
            1.7,
            0.05,
            1.68333333,
            6.95,
            0.05,
            6.18333333,
            6.2,
            14.6833333,
            0.833333333,
            7.08333333,
            9.5,
            7.3,
            4.7,
            1.6,
            3.0,
            0.67,
            1.9,
            9.5,
            0.0006666666666666666
        ],
        "Escherichia coli": [
            0.003,
            0.00316666667,
            0.00333333333,
            0.00158333333,
            0.0366666667,
            0.05,
            0.0075
        ],
        "Mycobacterium bovis": [
            8.7,
            4.9,
            4.1,
            3.8,
            4.6,
            3.0,
            1.25
        ],
        "Mycobacterium smegmatis": [
            37.8,
            18.6,
            16.6,
            1.6
        ]
    },
    "glyald;h;nadph": {
        "Sus scrofa": [
            14.4166667
        ]
    },
    "glcur;h;nadph": {
        "Sus scrofa": [
            11.55
        ],
        "Homo sapiens": [
            2.7
        ]
    },
    "glyc;nadp": {
        "Sus scrofa": [
            0.611666667
        ]
    },
    "acald;h;nadph": {
        "Saccharomyces cerevisiae": [
            5.6
        ]
    },
    "h;nadph;ppal": {
        "Saccharomyces cerevisiae": [
            55.0
        ],
        "Homo sapiens": [
            0.46
        ]
    },
    "h;hptal;nadph": {
        "Saccharomyces cerevisiae": [
            72.9
        ]
    },
    "h;nadh;ppal": {
        "Saccharomyces cerevisiae": [
            84.0
        ]
    },
    "h;hptal;nadh": {
        "Saccharomyces cerevisiae": [
            101.0
        ]
    },
    "h;mthgxl;nadph": {
        "Homo sapiens": [
            3.56666667,
            7.3
        ]
    },
    "dha;h;nadph": {
        "Homo sapiens": [
            1.5
        ]
    },
    "lald__D;h;nadph": {
        "Homo sapiens": [
            8.46666667
        ]
    },
    "g3p;h;nadph": {
        "Homo sapiens": [
            21.55
        ]
    },
    "ppoh;nadp": {
        "Escherichia coli": [
            0.001
        ]
    },
    "1btol;nadp": {
        "Escherichia coli": [
            0.00433333333
        ],
        "Mycobacterium bovis": [
            4.6
        ]
    },
    "bzalc;nadp": {
        "Escherichia coli": [
            0.000916666667,
            0.0466666667
        ]
    },
    "bzal;h;nadph": {
        "Homo sapiens": [
            0.47
        ],
        "Mycobacterium bovis": [
            7.2
        ],
        "Mycobacterium smegmatis": [
            32.1
        ]
    },
    "4hbald;h;nadph": {
        "Mycobacterium bovis": [
            0.9
        ]
    }
}