{
    "REST": {
        "Aeropyrum pernix": [
            4.99833333,
            1.507,
            2.57083333,
            0.7535,
            2.39933333,
            0.7215,
            0.0885,
            0.0941666667,
            2.4925,
            1.2245
        ],
        "Bacillus subtilis": [
            0.198333333,
            0.221666667,
            0.00833333333,
            0.00766666667
        ]
    }
}