{
    "sbt__D;nad": {
        "Ovis aries": [
            8.43333333,
            8.43333333
        ],
        "Bos taurus": [
            29.0,
            26.0,
            29.0
        ]
    },
    "REST": {
        "Ovis aries": [
            5.83333333,
            7.35,
            5.9,
            2.15,
            9.31666667,
            4.56666667,
            0.25,
            0.5,
            4.3,
            0.13,
            0.35,
            0.25,
            0.25,
            0.33,
            1.3,
            0.065,
            0.03,
            0.75,
            4.5,
            0.18,
            0.1,
            0.21,
            2.5,
            1.7,
            7.0,
            0.25,
            1.3,
            1.4,
            0.83,
            1.3,
            2.8,
            2.1,
            0.5,
            7.5,
            8.0,
            1.3,
            0.2,
            1.4,
            0.21,
            2.5,
            0.5,
            1.5,
            0.063,
            1.4,
            7.5,
            0.5,
            0.3,
            2.8,
            7.3,
            0.75,
            7.5,
            1.0,
            0.075,
            0.63,
            0.88,
            4.3,
            1.7,
            1.7,
            4.3,
            0.2,
            1.7,
            0.5,
            0.063,
            0.55,
            0.28,
            0.04,
            1.3,
            8.3,
            7.8,
            4.5,
            3.1,
            6.3,
            1.0,
            5.0,
            0.1,
            2.0,
            0.13,
            0.13,
            7.5,
            0.63,
            13.0,
            0.83
        ],
        "Bos taurus": [
            12.0,
            21.0,
            26.0,
            153.0
        ]
    },
    "fru;h;nadh": {
        "Bos taurus": [
            151.0,
            162.0
        ]
    },
    "mnl;nad": {
        "Bos taurus": [
            24.0
        ],
        "Ovis aries": [
            5.0,
            7.5
        ]
    },
    "nad;rbt": {
        "Bos taurus": [
            22.0
        ]
    },
    "rbl__D;h;nadh": {
        "Bos taurus": [
            198.0
        ]
    },
    "abt__D;nad": {
        "Ovis aries": [
            0.033,
            0.05
        ]
    },
    "fru;nad": {
        "Ovis aries": [
            0.25
        ]
    }
}