{
    "h;nadph;pydx": {
        "Schizosaccharomyces pombe": [
            0.935
        ]
    },
    "REST": {
        "Schizosaccharomyces pombe": [
            0.56,
            0.003266666666666667,
            0.021333333333333333,
            0.25166666666666665,
            0.0033833333333333337,
            0.029666666666666668
        ]
    }
}