{
    "REST": {
        "Rattus norvegicus": [
            0.00833333333,
            0.113333333,
            0.0683333333,
            0.0383333333,
            0.0583333333,
            0.0583333333,
            0.03,
            0.0085,
            0.3,
            0.183333333,
            0.2,
            0.183333333,
            0.153333333,
            0.108333333,
            0.131666667,
            0.146666667,
            0.266666667,
            0.138333333,
            0.075,
            0.13,
            0.3,
            0.366666667,
            0.416666667,
            0.000833333333,
            0.141666667,
            0.0266666667,
            0.0316666667,
            0.0833333333,
            0.00633333333,
            0.0866666667,
            0.12,
            1.0875,
            0.216666667,
            1.64666667,
            1.64666667
        ]
    },
    "CE2209;nadp": {
        "Rattus norvegicus": [
            0.14
        ]
    },
    "ahandrostan;h;nadph": {
        "Rattus norvegicus": [
            0.0216666667
        ]
    },
    "andrstandn;h;nadph": {
        "Rattus norvegicus": [
            0.0416666667
        ]
    },
    "estrone;h;nadph": {
        "Rattus norvegicus": [
            0.045
        ]
    },
    "17ahprgstrn;h;nadph": {
        "Rattus norvegicus": [
            0.103333333
        ]
    }
}