{
    "nadp;skm": {
        "Haemophilus influenzae": [
            0.2,
            0.2,
            0.2
        ],
        "Escherichia coli": [
            236.666667,
            236.666667
        ],
        "Arabidopsis thaliana": [
            428.0,
            399.0,
            100.0
        ]
    }
}