{
    "REST": {
        "Homo sapiens": [
            0.0217,
            0.000183,
            0.00028,
            0.0016,
            0.000348,
            0.00212,
            7e-05,
            0.06333333333333332
        ]
    },
    "ahandrostan;nad": {
        "Homo sapiens": [
            0.014
        ]
    }
}