{
    "REST": {
        "Mus musculus": [
            0.133333333,
            0.0316666667,
            0.216666667,
            0.216666667,
            0.0466666667,
            0.3,
            0.583333333,
            0.316666667,
            0.6,
            0.4,
            0.125,
            0.146666667,
            0.0766666667,
            0.0633333333,
            0.0583333333,
            0.14,
            0.0416666667,
            0.0883333333,
            0.0266666667,
            0.633333333,
            0.316666667,
            0.45,
            1.03333333,
            0.0333333333,
            0.0616666667,
            0.085,
            0.126666667,
            0.14,
            0.166666667,
            0.131666667,
            0.116666667,
            0.105,
            0.216666667,
            0.2,
            0.25,
            0.333333333,
            0.35,
            0.616666667,
            0.166666667,
            0.25,
            0.103333333,
            0.141666667,
            0.116666667,
            0.183333333,
            0.015,
            0.0133333333,
            0.0583333333,
            0.0583333333,
            0.5,
            0.583333333,
            0.283333333,
            0.333333333,
            0.0683333333,
            0.09,
            0.06,
            0.08,
            0.02,
            0.025,
            0.7,
            1.1,
            0.7,
            1.15,
            0.366666667,
            0.583333333,
            0.533333333,
            0.583333333,
            0.45,
            0.783333333,
            0.433333333,
            0.5,
            0.0966666667,
            0.2
        ]
    },
    "ahandrostan;nadp": {
        "Mus musculus": [
            0.111666667,
            0.121666667
        ]
    },
    "C03681;h;nadph": {
        "Mus musculus": [
            0.148333333,
            0.2
        ]
    },
    "11docrtstrn;h;nadph": {
        "Mus musculus": [
            0.00833333333,
            0.0166666667
        ]
    },
    "andrstndn;h;nadph": {
        "Mus musculus": [
            0.183333333,
            0.166666667
        ]
    },
    "andrstandn;h;nadph": {
        "Mus musculus": [
            0.105,
            0.133333333
        ]
    },
    "ahandrostan;h;nadph": {
        "Mus musculus": [
            0.045,
            0.0533333333
        ]
    },
    "estrone;h;nadph": {
        "Mus musculus": [
            0.005,
            0.00666666667
        ]
    }
}