{
    "dxyl5p;h;nadph": {
        "Escherichia coli": [
            29.0,
            61.15,
            9833.333333333334,
            2166.6666666666665,
            5166.666666666667
        ]
    },
    "REST": {
        "Escherichia coli": [
            37.0,
            60.7833333,
            0.0366666667,
            0.0883333333
        ]
    }
}