{
    "h;nadh;pyr": {
        "Plasmodium falciparum": [
            148.333333,
            148.333333,
            94.0,
            94.0,
            450.0,
            450.0
        ],
        "Plasmodium ovale": [
            266.666667,
            266.666667
        ],
        "Plasmodium malariae": [
            125.0,
            125.0
        ],
        "Plasmodium vivax": [
            126.666667,
            126.666667
        ],
        "Geobacillus stearothermophilus": [
            166.0,
            247.0,
            180.0,
            177.0
        ],
        "Meleagris gallopavo": [
            1366.66667
        ],
        "Phasianus colchicus": [
            1466.66667
        ],
        "Anas platyrhynchos": [
            1433.33333
        ],
        "Pterocnemia pennata": [
            2033.33333
        ],
        "Struthio camelus": [
            1750.0
        ],
        "Rana catesbeiana": [
            1433.33333
        ],
        "Squalus acanthias": [
            1816.66667
        ],
        "Hippoglossus stenolepis": [
            2650.0
        ],
        "Thunnus sp.": [
            2666.66667
        ],
        "Gallus gallus": [
            1556.66667,
            758.333333
        ],
        "Bos taurus": [
            1336.66667,
            823.333333
        ],
        "Oryctolagus cuniculus": [
            691.666667
        ],
        "Homo sapiens": [
            143.0,
            300.0,
            216.666667,
            300.0,
            216.666667
        ],
        "Enterococcus faecalis": [
            0.22,
            0.107,
            0.068,
            0.039,
            0.87,
            0.88,
            0.92,
            0.91
        ],
        "Toxoplasma gondii": [
            583.333333,
            76.6666667,
            616.666667,
            71.6666667,
            64.0
        ],
        "Plasmodium berghei": [
            106.0,
            106.0
        ],
        "Lactobacillus helveticus": [
            643.0
        ]
    },
    "lac__L;nad": {
        "Plasmodium falciparum": [
            65.0,
            65.0,
            283.333333,
            283.333333
        ],
        "Plasmodium ovale": [
            25.0,
            25.0
        ],
        "Plasmodium malariae": [
            38.3333333,
            38.3333333
        ],
        "Plasmodium vivax": [
            23.3333333,
            23.3333333
        ],
        "Toxoplasma gondii": [
            26.6666667,
            96.6666667,
            21.6666667,
            7.5
        ],
        "Homo sapiens": [
            81.6666667,
            50.0,
            81.6666667,
            50.0
        ]
    },
    "REST": {
        "Plasmodium falciparum": [
            250.0,
            45.0,
            183.333333,
            850.0
        ],
        "Plasmodium ovale": [
            153.333333
        ],
        "Plasmodium malariae": [
            233.333333
        ],
        "Plasmodium vivax": [
            333.333333
        ],
        "Geobacillus stearothermophilus": [
            124.0,
            17.0,
            0.26,
            162.0,
            21.0,
            5.3,
            0.3
        ],
        "Toxoplasma gondii": [
            50.0,
            183.333333,
            90.0,
            266.666667,
            566.666667,
            216.666667,
            30.0
        ],
        "Homo sapiens": [
            333.333333,
            1533.33333,
            266.666667,
            166.666667,
            4.0,
            2.83333333
        ]
    },
    "h;nadh;phpyr": {
        "Geobacillus stearothermophilus": [
            75.0,
            39.5
        ],
        "Toxoplasma gondii": [
            50.0,
            950.0
        ],
        "Homo sapiens": [
            2.5,
            5.83333333
        ]
    },
    "h;nadh;oaa": {
        "Geobacillus stearothermophilus": [
            6.0
        ]
    },
    "akg;h;nadh": {
        "Geobacillus stearothermophilus": [
            4.1
        ]
    },
    "6a2ohxnt;h;nadh": {
        "Geobacillus stearothermophilus": [
            0.008
        ]
    },
    "4mop;h;nadh": {
        "Geobacillus stearothermophilus": [
            0.33
        ]
    }
}