{
    "REST": {
        "Homo sapiens": [
            0.49,
            0.585,
            0.125,
            0.416666667,
            0.0483333333,
            0.163333333,
            0.158333333,
            0.0866666667,
            0.00666666667,
            0.0333333333,
            0.015,
            0.0183333333,
            0.18333333333333332,
            0.2,
            0.006666666666666667,
            0.0016666666666666668,
            0.08333333333333333,
            0.006666666666666667,
            0.4166666666666667
        ],
        "Rattus norvegicus": [
            2.1,
            2.4,
            2.7,
            1.9,
            3.3,
            2.2,
            0.6
        ],
        "Bos taurus": [
            0.335,
            0.77
        ],
        "Macaca fuscata": [
            14.0,
            34.0,
            62.5,
            11.3,
            4.3,
            9.1
        ]
    },
    "dha;h;nadph": {
        "Macaca fuscata": [
            5.5
        ]
    },
    "glyald;h;nadph": {
        "Macaca fuscata": [
            31.4
        ]
    },
    "g3p;h;nadph": {
        "Macaca fuscata": [
            8.0
        ]
    }
}