{
    "REST": {
        "Alcaligenes faecalis": [
            64.0,
            91.0
        ],
        "Sus scrofa": [
            2.5,
            2.4,
            4.8,
            16.6666667,
            17.0,
            55.9
        ],
        "Rhodosporidium toruloides": [
            18.9166667,
            28.8,
            21.6666667
        ],
        "Cyprinus carpio": [
            170.0,
            76.7,
            116.0,
            117.0,
            119.0
        ],
        "Trigonopsis variabilis": [
            42.0
        ],
        "Caenorhabditis elegans": [
            1.51,
            1.52,
            3.0,
            6.13,
            6.04,
            84.5,
            25.1
        ],
        "Homo sapiens": [
            0.68,
            9.89,
            14.833333333333334,
            15.5,
            48.8,
            21.666666666666668
        ],
        "Bacillus subtilis": [
            0.6,
            4.15
        ],
        "Paracoccus denitrificans": [
            2.5,
            3.8,
            3.1,
            5.8,
            11.0,
            13.5,
            16.9,
            16.2,
            17.0,
            19.0,
            21.0,
            22.0,
            24.0,
            27.0,
            30.0,
            162.0,
            49.0,
            188.0,
            71.5
        ],
        "Lysinibacillus sphaericus": [
            33.0,
            1.4,
            3.2,
            7.2,
            51.0
        ],
        "Thermoactinomyces intermedius": [
            0.59,
            1.9,
            1.1,
            79.0,
            82.0,
            26.0
        ],
        "Rattus norvegicus": [
            2e-06,
            3.5e-06
        ],
        "Azospirillum brasilense": [
            0.22
        ],
        "Agkistrodon rhodostoma": [
            1.46,
            2.2,
            3.74,
            1.21
        ],
        "Ophiophagus hannah": [
            1.0,
            5.0,
            43.3,
            11.9,
            47.6,
            50.7,
            51.5,
            56.0,
            59.5
        ],
        "Naja kaouthia": [
            9.35,
            4.91,
            21.04,
            14.1
        ],
        "Lathyrus cicera": [
            0.47,
            3.7,
            10.3,
            28.3,
            159.0
        ],
        "Lens culinaris": [
            1.02,
            15.3,
            15.14
        ]
    },
    "h2o;glu__L;nad": {
        "Clostridium symbiosum": [
            15.2,
            20.0
        ],
        "Laccaria bicolor": [
            222.866667,
            222.866667,
            222.866667
        ],
        "Bacillus subtilis": [
            18.1,
            18.1
        ],
        "Homo sapiens": [
            65.0,
            83.0
        ]
    },
    "akg;h;nadh;nh3": {
        "Clostridium symbiosum": [
            179.0
        ],
        "Laccaria bicolor": [
            1137.4,
            1137.4,
            1137.4
        ],
        "Bacillus subtilis": [
            342.0,
            342.0,
            342.0
        ],
        "Salmonella typhimurium": [
            20.3333333
        ],
        "Pyrococcus horikoshii": [
            374.5
        ],
        "Thermococcus kodakaraensis": [
            90.0
        ],
        "Homo sapiens": [
            104.0,
            130.0
        ]
    },
    "ala__D;h2o;o2": {
        "Sus scrofa": [
            12.7,
            8.5,
            6.5,
            6.6,
            8.5
        ],
        "Rhodosporidium toruloides": [
            83.3333333,
            350.0,
            350.0,
            345.0
        ],
        "Cyprinus carpio": [
            190.0
        ],
        "Caenorhabditis elegans": [
            3.63,
            14.9
        ],
        "Trigonopsis variabilis": [
            52.5
        ],
        "Homo sapiens": [
            3.66
        ],
        "Bacillus subtilis": [
            0.92
        ]
    },
    "pro__D;h2o;o2": {
        "Sus scrofa": [
            87.2,
            10.3333333,
            9.8,
            21.0
        ],
        "Cyprinus carpio": [
            142.0
        ],
        "Bacillus subtilis": [
            0.5
        ]
    },
    "met__D;h2o;o2": {
        "Sus scrofa": [
            143.0,
            6.83333333,
            6.5
        ],
        "Rhodosporidium toruloides": [
            76.6666667
        ],
        "Caenorhabditis elegans": [
            4.98
        ]
    },
    "arg__D;h2o;o2": {
        "Sus scrofa": [
            3.16666667,
            3.5,
            3.2
        ],
        "Caenorhabditis elegans": [
            1.69,
            2.83
        ],
        "Homo sapiens": [
            0.34
        ]
    },
    "lys__D;h2o;o2": {
        "Sus scrofa": [
            0.8
        ],
        "Cyprinus carpio": [
            42.3
        ]
    },
    "ser__D;h2o;o2": {
        "Sus scrofa": [
            3.0,
            3.1,
            2.7
        ],
        "Cyprinus carpio": [
            34.5
        ],
        "Caenorhabditis elegans": [
            1.51
        ],
        "Homo sapiens": [
            1.23,
            4.0
        ]
    },
    "asp__D;h2o;o2": {
        "Rhodosporidium toruloides": [
            0.483333333
        ],
        "Caenorhabditis elegans": [
            2.51,
            3.07,
            4.29,
            9.49,
            26.1
        ],
        "Homo sapiens": [
            70.6
        ]
    },
    "glu__D;h2o;o2": {
        "Rhodosporidium toruloides": [
            1.0
        ],
        "Caenorhabditis elegans": [
            0.76,
            2.11,
            3.01,
            35.4,
            5.31
        ],
        "Homo sapiens": [
            5.54
        ]
    },
    "pro__D;o2": {
        "Rhodosporidium toruloides": [
            77.3333333
        ],
        "Bacillus subtilis": [
            3.5
        ]
    },
    "gly;h2o;o2": {
        "Bacillus subtilis": [
            4.03,
            0.6
        ],
        "Ophiophagus hannah": [
            0.012
        ]
    },
    "h2o;phe__L;nad": {
        "Lysinibacillus sphaericus": [
            68.0,
            68.0
        ],
        "Bacillus badius": [
            39.0
        ],
        "Thermoactinomyces intermedius": [
            45.0
        ]
    },
    "nadh;nh3;phpyr": {
        "Lysinibacillus sphaericus": [
            113.0,
            113.0
        ],
        "Thermoactinomyces intermedius": [
            91.0
        ]
    },
    "h2o;leu__L;nad": {
        "Lysinibacillus sphaericus": [
            0.7,
            0.7
        ],
        "Thermoactinomyces intermedius": [
            3.6
        ]
    },
    "4mop;nadh;nh3": {
        "Lysinibacillus sphaericus": [
            27.0,
            27.0
        ]
    },
    "h2o;ile__L;nad": {
        "Lysinibacillus sphaericus": [
            0.13,
            0.14
        ],
        "Thermoactinomyces intermedius": [
            0.24
        ]
    },
    "h2o;met__L;nad": {
        "Lysinibacillus sphaericus": [
            1.2,
            1.2
        ],
        "Thermoactinomyces intermedius": [
            0.84
        ]
    },
    "4met2obut;nadh;nh3": {
        "Lysinibacillus sphaericus": [
            27.0,
            27.0
        ],
        "Thermoactinomyces intermedius": [
            37.0
        ]
    },
    "h2o;val__L;nad": {
        "Lysinibacillus sphaericus": [
            0.91,
            0.91
        ],
        "Streptomyces albus": [
            46.0
        ]
    },
    "h2o;tyr__L;nad": {
        "Lysinibacillus sphaericus": [
            68.0,
            68.0
        ],
        "Bacillus badius": [
            34.0
        ]
    },
    "34hpp;nadh;nh3": {
        "Lysinibacillus sphaericus": [
            90.0,
            90.0
        ]
    },
    "4mop;h;nadh;nh3": {
        "Thermoactinomyces intermedius": [
            57.0
        ]
    },