{
    "dhdascb;gthrd": {
        "Sus scrofa": [
            7.56666667,
            7.56666667
        ],
        "Spinacia oleracea": [
            490.0,
            310.0,
            310.0,
            330.0,
            330.0
        ]
    }
}