{
    "REST": {
        "Rattus norvegicus": [
            0.07816666666666668,
            0.0025
        ],
        "Homo sapiens": [
            0.0015,
            0.0595
        ],
        "Gallus gallus": [
            0.0023333333333333335,
            0.04183333333333333
        ],
        "Saccharomyces cerevisiae": [
            0.012333333333333333,
            0.006333333333333333
        ]
    }
}