{
    "REST": {
        "Drosophila melanogaster": [
            0.11
        ],
        "Homo sapiens": [
            0.018333333333333333,
            0.006833333333333333,
            0.02,
            0.041666666666666664,
            0.021666666666666667,
            0.011666666666666665,
            0.02666666666666667,
            0.02,
            0.02,
            0.075,
            0.021666666666666667,
            0.03333333333333333,
            0.025,
            0.02,
            0.001,
            0.004833333333333333,
            0.02,
            0.004,
            0.004
        ]
    }
}