{
    "mlthf;dump;h;nadph": {
        "Thermotoga maritima": [
            0.1
        ],
        "Chlamydia trachomatis": [
            0.666333333,
            0.666333333,
            0.666333333
        ]
    }
}