{
    "REST": {
        "Scutellaria baicalensis": [
            0.012,
            0.00883333333,
            0.00383333333
        ],
        "Sorbus aucuparia": [
            0.0016666666666666668
        ],
        "Medicago sativa": [
            0.03683333333333333,
            0.06183333333333333,
            0.06816666666666667
        ]
    }
}