{
    "alatrna;uAgla": {
        "Lactobacillus viridescens": [
            11.0,
            11.0,
            11.0,
            11.0,
            11.0,
            11.0
        ]
    },
    "REST": {
        "Lactobacillus viridescens": [
            0.4,
            10.3333333,
            10.8333333,
            4.33333333,
            4.33333333,
            10.3333333,
            10.3333333
        ]
    },
    "sertrna;uAgla": {
        "Lactobacillus viridescens": [
            0.533333333,
            0.533333333
        ]
    }
}