{
    "accoa;h2o;oaa": {
        "Escherichia coli": [
            81.0,
            81.0
        ],
        "Sus scrofa": [
            96.0,
            96.0
        ],
        "Thermus thermophilus": [
            0.966666667,
            0.966666667
        ]
    }
}