{
    "REST": {
        "Bellis perennis": [
            34.0,
            35.0
        ],
        "Homo sapiens": [
            1.9,
            0.865,
            0.591666667,
            0.0616666667,
            0.243333333,
            0.085,
            0.0933333333,
            0.115
        ]
    }
}