{
    "REST": {
        "Mycobacterium tuberculosis": [
            0.5833333333333334,
            0.5833333333333334
        ],
        "Mycobacterium leprae": [
            0.17666666666666667,
            0.17666666666666667
        ]
    }
}