{
    "REST": {
        "Aedes aegypti": [
            2.86666667,
            3.43333333,
            2.31666667,
            9.35,
            2.71666667,
            2.8,
            4.71666667,
            3.83333333,
            4.71666667,
            12.6333333,
            5.75,
            25.6666667,
            5.28333333
        ],
        "Homo sapiens": [
            9.754999999999999,
            1.7016666666666664,
            2.6199999999999997,
            7.668333333333334,
            4.828333333333333,
            4.133333333333333,
            4.27,
            3.591666666666667,
            1.4849999999999999,
            2.6550000000000002,
            2.5083333333333333,
            3.481666666666667,
            0.39333333333333337,
            4.838333333333334,
            3.64,
            1.5650000000000002,
            0.9183333333333333,
            0.92,
            0.36333333333333334
        ]
    },
    "glx;glu__L": {
        "Homo sapiens": [
            3.0833333333333335
        ]
    },
    "glx;tyr__L": {
        "Homo sapiens": [
            2.1916666666666664
        ]
    },
    "glx;trp__L": {
        "Homo sapiens": [
            4.233333333333333
        ]
    },
    "glx;leu__L": {
        "Homo sapiens": [
            4.75
        ]
    },
    "glx;ala__L": {
        "Homo sapiens": [
            2.893333333333333
        ]
    },
    "glx;phe__L": {
        "Homo sapiens": [
            5.451666666666667
        ]
    }
}