{
    "atp;pi;pyr": {
        "Entamoeba histolytica": [
            15.0,
            10.0
        ],
        "Zea mays": [
            43.666666666666664,
            43.666666666666664,
            43.666666666666664
        ]
    },
    "amp;ppi;pep": {
        "Entamoeba histolytica": [
            80.0,
            53.0,
            87.0,
            4.0,
            4.0,
            53.0,
            53.0,
            87.0,
            87.0
        ],
        "Zea mays": [
            40.333333333333336,
            40.333333333333336,
            40.333333333333336
        ]
    }
}