{
    "amp;atp": {
        "Gallus gallus": [
            650.0,
            500.0,
            650.0
        ],
        "Homo sapiens": [
            751.0,
            1100.0,
            151.666667
        ],
        "Oryctolagus cuniculus": [
            17.0
        ],
        "Bacillus subtilis": [
            0.035,
            0.0533333333,
            0.0733333333,
            0.103333333,
            0.135
        ]
    },
    "atp;damp": {
        "Gallus gallus": [
            87.0
        ]
    },
    "REST": {
        "Oryctolagus cuniculus": [
            1.0
        ]
    }
}