{
    "atp;f6p": {
        "Escherichia coli": [
            120.0,
            140.0,
            167.0,
            167.0,
            110.7,
            110.7,
            10.93,
            30.5,
            88.0,
            49.0,
            49.0,
            61.0,
            60.0
        ],
        "Geobacillus stearothermophilus": [
            41.7,
            112.0,
            112.0,
            112.0,
            112.0,
            112.0,
            112.0,
            112.0,
            112.0,
            112.0,
            112.0,
            112.0,
            112.0,
            112.0
        ],
        "Saccharomyces cerevisiae": [
            3.1168891,
            3.1900301,
            210.0,
            209.6
        ]
    },
    "REST": {
        "Escherichia coli": [
            0.33,
            0.016,
            0.016
        ],
        "Trypanosoma brucei": [
            196.0,
            196.0
        ]
    },
    "atp;f1p": {
        "Escherichia coli": [
            1.4,
            1.4
        ]
    },
    "adp;fdp": {
        "Geobacillus stearothermophilus": [
            3.2,
            3.2,
            3.2,
            3.2,
            3.2
        ]
    },
    "f6p;utp": {
        "Geobacillus stearothermophilus": [
            104.16,
            104.16
        ]
    },
    "ctp;f6p": {
        "Geobacillus stearothermophilus": [
            109.76,
            109.76
        ]
    },
    "f6p;gtp": {
        "Geobacillus stearothermophilus": [
            81.86,
            81.76
        ]
    }
}