{
    "REST": {
        "Homo sapiens": [
            6000.0,
            844.5,
            0.3,
            0.4,
            84.5,
            0.9,
            0.5,
            1.3,
            0.015,
            0.03,
            0.0166666667,
            0.0266666667,
            0.005,
            0.00833333333,
            0.00666666667,
            0.015,
            0.005,
            2.48
        ],
        "Pseudomonas sp.": [
            500.0,
            537.0,
            519.0,
            540.0,
            411.0,
            362.0
        ],
        "Saccharomyces cerevisiae": [
            345.0,
            335.0,
            598.0,
            606.7,
            160.0,
            79.0,
            8.1,
            27.5,
            27.0,
            9.4,
            83.0,
            195.0,
            0.12,
            281.0,
            215.0,
            145.0,
            153.0
        ],
        "Hippoglossus hippoglossus": [
            600.0
        ],
        "Hippoglossus stenolepis": [
            570.0,
            570.0
        ],
        "Zymomonas mobilis": [
            450.0
        ],
        "Thermoanaerobacterium sp.": [
            1500.0
        ]
    },
    "3pg;atp": {
        "Pyrococcus woesei": [
            113.44,
            238.52,
            505.79,
            915.96
        ],
        "Methanothermus fervidus": [
            225.22,
            149.8,
            254.53,
            338.86
        ],
        "Saccharomyces cerevisiae": [
            150.0,
            354.0,
            354.0,
            343.5,
            343.5,
            72.0,
            16.0,
            31.0,
            17.0,
            7.6,
            1.05,
            2.7,
            0.71,
            5.3,
            0.00833333333,
            0.00833333333
        ],
        "Rattus norvegicus": [
            8.65,
            9.13333333,
            3.98333333,
            3.93333333
        ],
        "Escherichia coli": [
            1480.0
        ],
        "Entamoeba histolytica": [
            136.0,
            97.0,
            136.0,
            97.0
        ]
    },
    "13dpg;adp": {
        "Rattus norvegicus": [
            33.1333333,
            32.8666667,
            25.6833333,
            25.4166667
        ],
        "Entamoeba histolytica": [
            984.0,
            437.0,
            984.0,
            437.0
        ],
        "Saccharomyces cerevisiae": [
            58.6,
            58.6
        ]
    },
    "3pg;gtp": {
        "Entamoeba histolytica": [
            136.0,
            97.0
        ]
    },
    "13dpg;gdp": {
        "Entamoeba histolytica": [
            984.0,
            437.0
        ]
    },
    "adp;cbp": {
        "Enterococcus faecalis": [
            730.0
        ]
    },
    "atp;cbm": {
        "Enterococcus faecalis": [
            92.0
        ]
    },
    "atp;asp__L": {
        "Saccharomyces cerevisiae": [
            46.6,
            469.3,
            46.6,
            49.3
        ],
        "Escherichia coli": [
            0.39,
            6.3,
            1.35,
            98.0,
            0.16
        ],
        "Thermus thermophilus": [
            25.0
        ],
        "Arabidopsis thaliana": [
            8.4,
            5.0,
            5.0,
            5.0,
            5.0,
            6.2,
            6.2,
            6.2,
            6.2,
            0.23,
            0.31,
            23.4,
            14.5,
            8.4
        ]
    },
    "ac;atp": {
        "Methanosarcina thermophila": [
            1221.0,
            1050.0,
            949.0,
            1033.0,
            1278.0,
            1056.0
        ]
    }
}