{
    "REST": {
        "Mus musculus": [
            20.0
        ],
        "Methanothermobacter thermautotrophicus": [
            10.0,
            10.0
        ],
        "Homo sapiens": [
            0.72,
            0.55,
            2.5,
            0.34,
            0.42,
            0.0166666667,
            3.3,
            7.2,
            8.8,
            10.3,
            13.5,
            14.9,
            0.0036,
            18.6,
            0.00166666667,
            53.9,
            53.8,
            0.035,
            0.00833333333
        ],
        "Bos taurus": [
            0.19,
            0.28,
            4.203,
            21.1,
            22.78
        ],
        "Escherichia coli": [
            0.6,
            0.155,
            2.28333333,
            3.3,
            1.01666667,
            0.416666667,
            0.366666667,
            0.5,
            0.108333333,
            0.045,
            330.0,
            12.3,
            14.8,
            1.075,
            1.45833333,
            0.313333333,
            350.0
        ],
        "Penicillium chrysogenum": [
            73.3,
            46.6
        ],
        "Spinacia oleracea": [
            202.0,
            218.0
        ],
        "Arabidopsis thaliana": [
            3.8,
            6.0,
            9.9,
            0.023,
            23.0
        ],
        "Human immunodeficiency virus": [
            0.082,
            0.0605,
            0.0221666667,
            0.0388333333
        ],
        "Bacteriophage RB69": [
            1.8
        ],
        "Abax parallelepipedus": [
            0.004
        ],
        "Zea mays": [
            98.0,
            4.8,
            5.9,
            5.1,
            39.17,
            169.0,
            205.0,
            85.0
        ],
        "Solanum tuberosum": [
            169.0,
            5.1,
            4.8,
            205.0
        ],
        "Haemophilus influenzae": [
            12.0,
            13.0,
            23.5
        ],
        "Staphylococcus aureus": [
            66.7,
            76.8
        ]
    },
    "atp;nicrnt": {
        "Homo sapiens": [
            2.5,
            3.8,
            6.9,
            8.8,
            42.9,
            53.9
        ]
    },
    "gtp;h2o": {
        "Escherichia coli": [
            2.1,
            0.33
        ]
    },
    "atp;so4": {
        "Penicillium chrysogenum": [
            10.8,
            1.8
        ],
        "Homo sapiens": [
            0.017,
            0.23,
            0.44,
            0.019,
            0.33,
            0.5
        ],
        "Spinacia oleracea": [
            13.0,
            12.0
        ]
    },
    "atp;mobd": {
        "Penicillium chrysogenum": [
            13.7,
            24.4
        ],
        "Spinacia oleracea": [
            187.0,
            98.0
        ]
    },
    "gdpgal;pi": {
        "Arabidopsis thaliana": [
            64.0,
            27.0,
            13.0,
            2.04,
            2.04,
            2.68,
            2.68
        ]
    },
    "gdpmann;pi": {
        "Arabidopsis thaliana": [
            0.093,
            0.024
        ]
    },
    "g1p;gdp": {
        "Arabidopsis thaliana": [
            12.0,
            5.8
        ]
    },
    "man1p;gdp": {
        "Arabidopsis thaliana": [
            0.0013
        ]
    },
    "acgam1p;utp": {
        "Saccharomyces cerevisiae": [
            15.4196667
        ],
        "Escherichia coli": [
            350.0,
            250.0,
            330.0
        ]
    },
    "gal1p;udpg": {
        "Escherichia coli": [
            62.0
        ]
    },
    "dctp;dna": {
        "Human immunodeficiency virus": [
            0.326666667,
            0.0498333333,
            0.0273333333
        ],
        "Bacteriophage RB69": [
            200.0
        ],
        "Homo sapiens": [
            0.0483333333
        ]
    },
    "dgtp;dna": {
        "Human immunodeficiency virus": [
            0.211666667,
            0.0273333333
        ],
        "Bacteriophage RB69": [
            0.1
        ],
        "Homo sapiens": [
            0.0466666667
        ]
    },
    "dna;dttp": {
        "Human immunodeficiency virus": [
            2.6,
            0.059,
            0.0216666667,
            0.0025,
            0.00316666667
        ],
        "Bacteriophage RB69": [
            273.0
        ],
        "Homo sapiens": [
            0.016,
            3.7,
            0.04,
            0.006,
            0.02,
            0.004
        ]
    },
    "datp;dna": {
        "Human immunodeficiency virus": [
            0.0541666667,
            0.0003
        ],
        "Homo sapiens": [
            32000.0
        ]
    },
    "atp;dna": {
        "Human immunodeficiency virus": [
            0.0171666667
        ]
    },
    "dna;h2o": {
        "Bacteriophage T4": [
            170.0,
            420.0,
            170.0,
            270.0,
            170.0,
            65.1,
            0.16
        ],
        "Escherichia coli": [
            5.8,
            7.8
        ]
    },
    "dpcoa;ppi": {
        "Homo sapiens": [
            26.4,
            26.5
        ],
        "Arabidopsis thaliana": [
            3.4
        ]
    },
    "atp": {
        "Homo sapiens": [
            5.0
        ]
    },
    "datp;apppa": {
        "Homo sapiens": [
            2.0
        ]
    },
    "2me4p;ctp": {
        "Escherichia coli": [
            25.9,
            48.4,
            54.1
        ],
        "Arabidopsis thaliana": [
            26.0,
            26.0
        ]
    }
}