{
    "REST": {
        "Rattus norvegicus": [
            25.0,
            3833.33333,
            6666.66667
        ],
        "Arabidopsis thaliana": [
            54.0,
            1.2,
            0.7,
            165.0,
            30.0
        ]
    }
}