{
    "REST": {
        "Rattus norvegicus": [
            766.666667,
            9.0,
            9.33333333
        ],
        "Arabidopsis thaliana": [
            2.8,
            10.7,
            4.0,
            2.1666666666666665,
            0.08833333333333333
        ]
    }
}