{
    "REST": {
        "Alicyclobacillus acidocaldarius": [
            340.0,
            30.0,
            37.0,
            45.0,
            85.0,
            118.0,
            205.0,
            333.0,
            327.0,
            333.0,
            1960.0,
            3420.0,
            2180.0,
            21.0,
            105.0,
            390.0,
            950.0,
            945.0,
            835.0,
            1290.0,
            110.0,
            980.0,
            1930.0,
            480.0
        ],
        "Homo sapiens": [
            17.0,
            70.0,
            0.00183333333,
            0.00316666667,
            0.0216666667,
            0.00533333333,
            0.00166666667,
            0.0015,
            0.0283333333,
            0.0366666667,
            0.00466666667,
            0.00316666667,
            0.0733333333,
            0.008,
            0.0118333333,
            0.00116666667,
            0.0283333333,
            0.0766666667,
            0.0085,
            0.00166666667,
            0.00216666667,
            0.0583333333,
            0.0005,
            0.00416666667,
            0.00566666667,
            0.00516666667,
            0.005,
            0.0216666667,
            0.0666666667,
            0.0565,
            0.034,
            0.00283333333,
            0.000833333333,
            0.0281666667,
            0.00566666667,
            0.00466666667,
            0.00316666667,
            0.003,
            0.00516666667,
            0.006,
            0.00266666667,
            0.00283333333,
            0.000516666667,
            0.00266666667,
            0.313333333,
            0.225,
            8.16666667e-05,
            0.000216666667,
            1.5e-05,
            3e-05,
            0.000266666667,
            4.33333333e-06,
            4.08333333e-05,
            8.0,
            7.0,
            3320.0,
            18.0,
            7885.0,
            5400.0,
            3360.0,
            140.0,
            170.0,
            105.0,
            800.0,
            210.0,
            625.0,
            31.0,
            375.0,
            190.0,
            6.0,
            6.0
        ],
        "Oryctolagus cuniculus": [
            0.0158333333,
            0.109666667,
            0.0508333333
        ],
        "Rattus norvegicus": [
            0.0381666667,
            0.0248333333,
            0.004,
            0.00533333333,
            0.008
        ],
        "Escherichia coli": [
            18.5,
            13.1,
            6.1,
            4.0,
            1.5
        ],
        "Sus scrofa": [
            0.623333333,
            0.56,
            1.39166667,
            0.533333333,
            0.676666667,
            1.555,
            0.315,
            0.241666667,
            0.203333333,
            0.381666667,
            0.055,
            0.035,
            0.115,
            0.101666667,
            0.0716666667,
            0.065,
            0.0933333333,
            0.05,
            6.08333333,
            8.73166667,
            1.11666667,
            1.095,
            0.121666667,
            0.0833333333,
            0.111666667,
            0.0333333333,
            0.00833333333,
            0.00833333333,
            0.8,
            0.55,
            27.4183333,
            20.15,
            63.6233333,
            0.0783333333,
            0.445,
            0.00916666667,
            1.375,
            0.285,
            60.0,
            50.0,
            70.0,
            315.0,
            295.0,
            460.0,
            18.0
        ],
        "Geobacillus stearothermophilus": [
            38.0,
            39.758
        ],
        "Actinidia eriantha": [
            1.61,
            10.1,
            2.0,
            0.162,
            0.01,
            0.0018
        ],
        "Aspergillus niger": [
            265.0,
            60.0,
            20.0,
            400.0,
            160.0,
            25.0
        ],
        "Archaeoglobus fulgidus": [
            40.0,
            110.0,
            95.0,
            50.0,
            200.0,
            210.0,
            140.0
        ],
        "Rhizomucor miehei": [
            10.0,
            200.0,
            1080.0,
            3450.0,
            1620.0,
            950.0,
            3675.0,
            5390.0,
            5400.0,
            420.0
        ],
        "Cavia porcellus": [
            555.0,
            750.0,
            1500.0,
            130.0,
            375.0,
            70.0,
            270.0,
            200.0,
            125.0,
            50.0
        ],
        "Fusarium solani": [
            115.0,
            210.0,
            130.0,
            305.0,
            245.0,
            240.0,
            255.0,
            50.0,
            285.0,
            525.0
        ],
        "Bacillus subtilis": [
            120.0,
            150.0,
            100.0,
            240.0,
            165.0,
            100.0,
            1935.0,
            635.0,
            145.0,
            50.0
        ],
        "Thermomyces lanuginosus": [
            225.0,
            2250.0,
            2900.0,
            1885.0,
            455.0,
            1950.0,
            2600.0,
            12000.0,
            580.0
        ],
        "Mycobacterium tuberculosis": [
            185.0
        ]
    }
}