{
    "REST": {
        "Homo sapiens": [
            833.333333,
            1666.66667,
            1833.33333,
            3.33333333e-05,
            466.666667
        ],
        "Mus musculus": [
            666.666667,
            666.666667
        ]
    }
}