{
    "ach;h2o": {
        "Mus musculus": [
            2500.0
        ],
        "Hirudo medicinalis": [
            11.7,
            29.73
        ]
    },
    "REST": {
        "Homo sapiens": [
            7000.0,
            7000.0,
            7000.0,
            7000.0,
            7000.0,
            7000.0,
            6166.66667,
            6166.66667,
            866.666667,
            183.333333,
            1833.33333,
            6166.66667,
            866.666667,
            2666.66667,
            125.0,
            0.000133333333
        ],
        "Hirudo medicinalis": [
            29.1,
            41.6,
            44.52,
            3.95,
            0.23,
            0.93,
            4.06,
            1.59,
            0.03,
            2.09
        ],
        "Mus musculus": [
            2333.33333,
            2333.33333
        ]
    }
}