{
    "REST": {
        "Bacillus cereus": [
            0.00196666667,
            6.53333333e-06,
            8.18333333e-06,
            1.25333333e-05,
            2.98333333e-06,
            1.35666667e-05,
            1.85e-05,
            1.73333333e-05,
            1.81666667e-05
        ],
        "Mycobacterium tuberculosis": [
            1800.0
        ]
    }
}