{
    "REST": {
        "Aspergillus kawachi": [
            990.0
        ],
        "Arabidopsis thaliana": [
            0.87,
            1.35,
            2.3,
            1.2,
            1.65,
            65.0,
            226.0,
            7.3,
            33.0,
            12.0,
            46.0,
            17.0,
            157.0
        ],
        "Bacillus subtilis": [
            0.87,
            0.75,
            2.3,
            0.81,
            0.72,
            0.7,
            6.1,
            0.85,
            8.2,
            0.9,
            0.42,
            11.1333333,
            12.0,
            0.25,
            0.34,
            6.42,
            0.26,
            0.18,
            22.0,
            32.0,
            0.27,
            0.52,
            420.0,
            1.1,
            295.0,
            0.36,
            1450.0,
            43.9166667,
            306.0,
            61.2,
            0.29,
            0.54,
            0.46,
            0.63,
            75.1166667,
            0.47,
            0.97,
            81.0,
            86.55,
            23000.0,
            88.0,
            0.64,
            0.4,
            108.183333,
            0.32,
            22000.0,
            370.0,
            246.0,
            0.66
        ],
        "Hordeum vulgare": [
            0.5,
            0.91,
            130.0,
            3.06,
            4.7,
            3.0,
            6.9,
            2.3,
            3.9,
            9.6,
            9.2,
            6.5,
            12.9,
            13.1,
            8.88,
            15.0,
            11.66,
            11.8,
            155.0,
            36.0,
            1.44,
            1.95,
            0.01
        ],
        "Bacteroides ovatus": [
            0.25,
            0.12,
            0.62,
            65.0,
            3.39,
            4.91,
            1.74,
            1.6,
            0.071,
            32.6,
            10.5,
            11.1,
            4.0,
            0.057,
            435.3,
            31.0
        ],
        "Dioscorea opposita": [
            0.645,
            1.069,
            0.591,
            0.629
        ],
        "Pagrus major": [
            0.262,
            0.329
        ],
        "Todarodes pacificus": [
            0.196,
            1.22
        ],
        "Bombyx mori": [
            0.059,
            0.011,
            0.084,
            0.023
        ],
        "Serratia marcescens": [
            0.4,
            1.2,
            3.5,
            10.0,
            13.0,
            17.0,
            18.0
        ],
        "Bacillus sp.": [
            0.021666666666666667,
            340.0
        ],
        "Streptomyces sp.": [
            12.125
        ],
        "Cellvibrio japonicus": [
            2.08333333,
            2.43333333,
            5.61666667,
            70.6,
            42.6833333,
            588.433333,
            78.75
        ],
        "Bacillus circulans": [
            148.633333
        ],
        "Influenza B virus": [
            0.5
        ],
        "Influenza A virus": [
            1.82,
            3.63,
            3.7,
            3.38,
            4.37,
            5.5,
            3.1,
            7.78,
            6.5,
            6.51,
            6.11,
            4.5
        ],
        "Homo sapiens": [
            0.00638888889,
            0.87,
            2.98,
            0.83,
            1.22916667,
            1.5725,
            0.121,
            7.16666667,
            0.0,
            3.13,
            1.88,
            3.12,
            5.53,
            13.0,
            1.5,
            10.7,
            12.1,
            17.6,
            21.6666667,
            22.92,
            1.26,
            0.6,
            0.00716666667,
            0.75,
            0.77,
            0.69,
            41.6666667,
            2.6,
            1.53,
            0.29,
            1.08,
            0.0255,
            0.3,
            78.3333333,
            3.55,
            3.05,
            5.97,
            0.73,
            1.4,
            0.24,
            0.66,
            1.17
        ],
        "Streptococcus pneumoniae": [
            0.941666667,
            0.313333333,
            0.00216666667,
            14.88,
            15.275
        ],
        "Citrobacter freundii": [
            0.86,
            1.64,
            72.9,
            18.0,
            19.7
        ],
        "Bacteroides fragilis": [
            0.21,
            0.38,
            2.93,
            3.9,
            5.59,
            6.1
        ],
        "Paenibacillus sp.": [
            65.6,
            12.7,
            77.6,
            560.0,
            470.0
        ],
        "Thermotoga maritima": [
            1.9,
            10.48,
            9.12,
            1.6
        ],
        "Escherichia coli": [
            0.76,
            0.9,
            0.67,
            0.81,
            0.72,
            0.41,
            0.42,
            7.0,
            5.2,
            5.5,
            1.75,
            11.0,
            13.0,
            14.3,
            130.0,
            16.0,
            147.0,
            1.76,
            150.0,
            157.0,
            31.7,
            34.0,
            36.0,
            38.0,
            39.0,
            1190.0,
            51.0,
            58.0,
            186.0,
            0.031,
            66.0,
            68.0,
            580.0,
            70.0,
            0.029,
            2.55,
            82.5,
            211.0,
            600.0,
            0.64,
            90.0,
            219.6,
            98.0,
            0.012,
            620.0,
            750.0,
            0.99,
            498.0,
            120.0,
            123.4,
            0.001
        ],
        "Bifidobacterium breve": [
            1.8316666666666668,
            3.631666666666667
        ],
        "Sulfolobus solfataricus": [
            0.92,
            1.51,
            0.05,
            1.9,
            4.69,
            4.03333333,
            2.76666667,
            425.0,
            16.0,
            538.0,
            95.0,
            287.0
        ],
        "Lactococcus lactis subsp. lactis": [
            5.0,
            0.00166666667,
            7.0,
            4.43333333e-05,
            0.001185,
            0.000608333333,
            83.0,
            22.0,
            0.0035
        ],
        "Staphylococcus aureus": [
            9.0,
            18.0,
            4.0,
            63.0
        ],
        "Lactobacillus casei": [
            57.0,
            2.0,
            4.0,
            7.0
        ],
        "Saccharomyces cerevisiae": [
            0.88
        ],
        "Solanum tuberosum": [
            18.75,
            35.9,
            100.4,
            69.6
        ],
        "Aspergillus nidulans": [
            0.61,
            2.4,
            11.0,
            21.0,
            22.0,
            30.0
        ],
        "Mortierella alliacea": [
            56.8,
            58.6
        ],
        "Thermus thermophilus": [
            11.0,
            22.0,
            343.0
        ],
        "Apis mellifera": [
            195.0,
            4.67,
            37.0,
            135.0,
            104.0,
            11.1,
            16.3,
            148.0,
            21.5
        ],
        "Candida albicans": [
            0.14,
            1.2,
            0.18,
            3.2,
            1.77,
            106.0,
            75.0,
            13.0,
            183.0,
            122.0,
            95.0
        ],
        "Bacillus licheniformis": [
            0.5,
            0.4,
            0.6,
            3.3,
            4.0,
            7.8,
            7.0,
            41.0,
            42.0,
            43.0,
            400.0,
            18.0
        ],