{
    "REST": {
        "Homo sapiens": [
            41.6666667,
            21.6666667,
            78.3333333,
            7.16666667,
            41.6666667,
            41.6666667,
            41.6666667,
            41.6666667
        ],
        "Paenibacillus sp.": [
            470.0,
            560.0
        ]
    }
}