{
    "REST": {
        "Cellvibrio japonicus": [
            78.75,
            2.08333333,
            2.43333333,
            70.6,
            5.61666667,
            42.6833333,
            588.433333
        ],
        "Bacillus circulans": [
            148.633333
        ],
        "Bacillus subtilis": [
            420.0,
            370.0,
            108.183333,
            86.55
        ]
    }
}