{
    "REST": {
        "Prunus dulcis": [
            0.9
        ],
        "Thermosphaera aggregans": [
            309.0,
            439.8
        ],
        "Sulfolobus solfataricus": [
            425.0,
            538.0
        ],
        "Pyrococcus furiosus": [
            1796.9,
            1189.0
        ],
        "Oryza sativa": [
            38.9,
            33.5,
            9.8,
            0.17,
            1.64,
            12.4,
            4.25,
            9.8,
            38.9,
            4.69,
            2.35,
            3.3,
            0.24,
            6.08,
            16.1,
            15.9,
            212.0,
            13.0,
            0.16,
            1.1,
            0.67,
            0.97,
            1.07,
            1.31,
            2.4,
            18.13,
            17.34,
            16.9,
            16.93,
            21.2,
            5.87,
            0.99,
            7.93,
            13.34,
            3.4,
            1.32,
            1.14,
            1.24,
            2.48,
            15.95,
            5.01,
            0.65,
            0.87,
            0.78,
            0.44,
            1.41,
            0.06,
            0.67,
            1.64
        ],
        "Phanerochaete chrysosporium": [
            9.0
        ],
        "Hordeum vulgare": [
            0.5
        ],
        "Homo sapiens": [
            1.22916667,
            1.5725,
            0.121,
            0.0255,
            0.00716666667,
            0.0,
            3.13,
            1.88,
            3.12,
            5.53,
            0.29,
            1.5,
            0.6,
            0.77,
            1.4,
            0.73,
            10.7,
            12.1,
            17.6,
            0.75,
            0.66,
            5.97,
            1.53,
            3.55,
            0.24,
            1.08,
            0.69,
            0.3,
            1.53,
            1.17,
            3.05,
            2.6,
            1.26
        ],
        "Arabidopsis thaliana": [
            1.2,
            7.3,
            17.0
        ],
        "Sorghum bicolor": [
            77.7,
            13.8,
            14.3
        ],
        "Zea mays": [
            24.16,
            19.83,
            140.5,
            28.0,
            121.5,
            29.5,
            30.3
        ],
        "Bifidobacterium breve": [
            3.631666666666667
        ],
        "Triticum aestivum": [
            99.2,
            128.2,
            235.9
        ],
        "Secale cereale": [
            22.2
        ],
        "Bacteroides ovatus": [
            65.0,
            0.62,
            3.39,
            4.91,
            1.74
        ]
    },
    "cellb;h2o": {
        "Oryza sativa": [
            0.13,
            1.16,
            0.98,
            0.52,
            1.52
        ],
        "Phanerochaete chrysosporium": [
            1.81,
            1.81,
            14.0
        ],
        "Bacteroides ovatus": [
            1.57
        ]
    },
    "h2o;lmn2": {
        "Oryza sativa": [
            6.17,
            11.1,
            0.61,
            31.9
        ]
    }
}