{
    "REST": {
        "Influenza B virus": [
            0.5
        ],
        "Influenza A virus": [
            4.37,
            5.5,
            3.38,
            3.63,
            3.7,
            3.1,
            7.78,
            6.5,
            6.51,
            6.5,
            6.5,
            6.11,
            1.82,
            4.5
        ],
        "Homo sapiens": [
            0.00638888889,
            13.0,
            22.92
        ],
        "Streptococcus pneumoniae": [
            14.88,
            15.275,
            0.941666667,
            0.00216666667,
            0.313333333
        ]
    }
}