{
    "REST": {
        "Escherichia coli": [
            600.0,
            90.0,
            0.76,
            0.9,
            0.67,
            0.72,
            0.81,
            0.41,
            0.42,
            5.2,
            5.5,
            1.75,
            1.75,
            0.99,
            0.029,
            0.012,
            0.031,
            0.029,
            186.0,
            147.0,
            66.0,
            1.76,
            157.0,
            34.0,
            51.0,
            16.0,
            0.64,
            38.0,
            2.55,
            66.0,
            5.5,
            5.5,
            66.0,
            31.7,
            219.6,
            620.0,
            90.0,
            211.0,
            123.4,
            620.0,
            39.0,
            120.0,
            498.0,
            600.0,
            580.0,
            36.0,
            98.0,
            13.0,
            750.0,
            90.0,
            82.5,
            600.0,
            90.0,
            620.0,
            90.0,
            620.0,
            90.0,
            1190.0,
            130.0,
            150.0,
            39.0
        ],
        "Arthrobacter sp.": [
            43.0,
            57.2,
            100.0,
            110.1,
            583.5,
            4.7,
            5.2
        ],
        "Sulfolobus solfataricus": [
            95.0,
            1.9,
            4.03333333,
            2.76666667
        ],
        "Arabidopsis thaliana": [
            65.0,
            226.0,
            33.0,
            157.0
        ],
        "Bacillus subtilis": [
            81.0
        ],
        "Mus musculus": [
            100.0
        ],
        "Bacteroides ovatus": [
            4.0
        ],
        "Trichoderma reesei": [
            17.31,
            5.68,
            0.1,
            0.13,
            0.69,
            1.52,
            0.09,
            4.34,
            6.87,
            3.32
        ]
    }
}