{
    "REST": {
        "Lactococcus lactis subsp. lactis": [
            4.43333333e-05,
            0.0035,
            0.00166666667,
            0.001185,
            0.000608333333,
            83.0,
            22.0,
            7.0,
            5.0
        ],
        "Staphylococcus aureus": [
            63.0,
            18.0,
            9.0,
            4.0
        ],
        "Lactobacillus casei": [
            57.0,
            7.0,
            4.0,
            2.0
        ]
    }
}