{
    "REST": {
        "Cellulomonas fimi": [
            0.366666667
        ],
        "Bacillus subtilis": [
            246.0,
            22000.0,
            23000.0
        ],
        "Bacillus sp.": [
            0.021666666666666667
        ]
    }
}