{
    "h2o;ichor": {
        "Escherichia coli": [
            10.0
        ]
    },
    "REST": {
        "Escherichia coli": [
            5.16666667,
            9.0,
            16.3333333,
            21.6666667
        ]
    }
}