{
    "REST": {
        "Homo sapiens": [
            1.76666667,
            2.45,
            3.5,
            5.12,
            6.62,
            9.7,
            11.8,
            11.05,
            15.5666667,
            16.0,
            16.1,
            26.0,
            33.8,
            57.0,
            58.3,
            62.0,
            0.034,
            70.0,
            90.3,
            114.0
        ],
        "Anas platyrhynchos": [
            57.0,
            17.0
        ],
        "Bos taurus": [
            131.0,
            41.7,
            16.0,
            50.0,
            19.5,
            63.4
        ],
        "Rattus norvegicus": [
            96.9,
            199.0,
            14.4,
            15.5,
            14.0,
            16.8,
            22.4,
            57.4,
            26.6
        ],
        "Helicoverpa armigera": [
            0.3,
            35.6,
            6.25,
            49.4,
            57.0,
            58.2
        ]
    },
    "CE2917;h2o": {
        "Homo sapiens": [
            13.0
        ]
    },
    "CE2915;h2o": {
        "Homo sapiens": [
            6.8
        ]
    }
}