{
    "REST": {
        "Bos taurus": [
            56.6666667,
            100.0,
            118.333333,
            191.666667,
            400.0,
            675.0,
            135.833333,
            468.333333,
            988.333333,
            16.6666667,
            41.6666667
        ],
        "Sus scrofa": [
            7.0
        ]
    }
}