{
    "chitin;h2o": {
        "Helicobacter pylori": [
            12.916666666666666
        ]
    },
    "REST": {
        "Helicobacter pylori": [
            16.133333333333333
        ]
    }
}