{
    "atp;h2o": {
        "Saccharomyces cerevisiae": [
            0.616666667,
            0.3,
            0.95,
            0.7,
            0.45,
            1.16666667,
            0.0045,
            1.26666667,
            1.25833333,
            0.0045
        ]
    },
    "REST": {
        "Saccharomyces cerevisiae": [
            0.0116666667
        ]
    }
}