{
    "glu__L": {
        "Sus scrofa": [
            0.017,
            0.000883333333
        ],
        "Rattus norvegicus": [
            0.00136666667
        ]
    }
}