{
    "fdp": {
        "Escherichia coli": [
            0.0683333333
        ]
    },
    "REST": {
        "Escherichia coli": [
            4.66666667,
            0.015,
            4.66666667
        ]
    }
}