{
    "REST": {
        "Trypanosoma cruzi": [
            4500.0
        ],
        "Trypanosoma brucei brucei": [
            5166.66667,
            2100.0,
            5.7,
            300.0
        ],
        "Trypanosoma": [
            5000.0
        ],
        "Gallus gallus": [
            600.0,
            8300.0,
            431.666667,
            4266.66667,
            431.666667,
            4266.66667,
            101.666667,
            193.333333,
            330.0,
            386.666667,
            416.666667,
            425.0,
            486.666667,
            453.333333,
            445.0,
            445.0,
            435.0,
            325.0,
            393.333333,
            783.333333,
            3066.66667,
            3266.66667,
            3683.33333,
            4000.0,
            4333.33333,
            4666.66667,
            4683.33333,
            5116.66667,
            4000.0,
            4133.33333,
            4916.66667,
            4333.33333
        ],
        "Saccharomyces cerevisiae": [
            16666.6667,
            816.666667,
            16666.6667,
            816.666667,
            6680.0,
            564.379097,
            564.0,
            564.38
        ],
        "Oryctolagus cuniculus": [
            8666.66667,
            8500.0,
            866.666667,
            866.666667,
            8666.66667,
            8500.0,
            866.666667,
            866.666667,
            8333.33333
        ],
        "Rattus norvegicus": [
            8333.33333
        ],
        "Entamoeba histolytica": [
            3476.0,
            1753.0,
            1132.0,
            279.0,
            293.0,
            206.0
        ],
        "Helicobacter pylori": [
            1466.66667
        ],
        "Nostoc punctiforme": [
            1736.0
        ],
        "Gemmata obscuriglobus": [
            1306.0
        ],
        "Deinococcus radiodurans": [
            5678.0
        ],
        "Streptomyces coelicolor": [
            5668.0
        ],
        "Clostridium perfringens": [
            6348.0
        ]
    }
}