{
    "REST": {
        "Cohnella laeviribosi": [
            1902.0,
            26.4
        ],
        "Saccharomyces cerevisiae": [
            653.0,
            816.666667,
            564.379097,
            564.0,
            564.38,
            6680.0,
            16666.6667
        ],
        "Escherichia coli": [
            52.0,
            69.0
        ],
        "Spinacia oleracea": [
            3440.0
        ],
        "Mycobacterium tuberculosis": [
            47.0
        ],
        "Streptomyces violaceoruber": [
            0.68,
            1.97,
            2.39,
            3.62,
            4.02,
            5.3,
            0.278,
            8.2,
            8.5
        ],
        "Streptomyces sp.": [
            0.428,
            1.3,
            2.69,
            3.91,
            3.07,
            5.6,
            4.2,
            7.8,
            8.4
        ],
        "Lactococcus lactis subsp. lactis": [
            0.99,
            1.03,
            2.19,
            2.65,
            0.073,
            0.406,
            7.0,
            7.2
        ],
        "Lactobacillus brevis": [
            0.273,
            0.73,
            0.39,
            0.19,
            0.253,
            0.55,
            0.65,
            7.2,
            9.6
        ],
        "Bacillus coagulans": [
            0.8,
            1.29,
            1.4,
            1.25,
            0.266,
            0.7,
            0.135,
            7.0,
            11.0
        ],
        "Arthrobacter sp.": [
            0.0616666667
        ],
        "Trypanosoma cruzi": [
            4500.0
        ],
        "Trypanosoma brucei brucei": [
            2100.0,
            5.7,
            5166.66667,
            300.0
        ],
        "Trypanosoma": [
            5000.0
        ],
        "Gallus gallus": [
            386.666667,
            393.333333,
            783.333333,
            416.666667,
            4000.0,
            4133.33333,
            425.0,
            4266.66667,
            431.666667,
            435.0,
            4916.66667,
            4666.66667,
            445.0,
            193.333333,
            3266.66667,
            453.333333,
            325.0,
            330.0,
            4683.33333,
            600.0,
            3683.33333,
            101.666667,
            486.666667,
            8300.0,
            4333.33333,
            3066.66667,
            5116.66667
        ],
        "Oryctolagus cuniculus": [
            8666.66667,
            8500.0,
            8333.33333,
            866.666667
        ],
        "Rattus norvegicus": [
            8333.33333
        ],
        "Entamoeba histolytica": [
            293.0,
            1132.0,
            206.0,
            3476.0,
            279.0,
            1753.0
        ],
        "Helicobacter pylori": [
            1466.66667
        ],
        "Nostoc punctiforme": [
            1736.0
        ],
        "Gemmata obscuriglobus": [
            1306.0
        ],
        "Deinococcus radiodurans": [
            5678.0
        ],
        "Streptomyces coelicolor": [
            5668.0
        ],
        "Clostridium perfringens": [
            6348.0
        ]
    },
    "man": {
        "Cohnella laeviribosi": [
            46.1
        ]
    },
    "all6p": {
        "Escherichia coli": [
            6.1
        ],
        "Mycobacterium tuberculosis": [
            0.22
        ]
    },
    "xyl__D": {
        "Streptomyces violaceoruber": [
            8.2,
            3.62,
            2.39
        ],
        "Streptomyces sp.": [
            3.07,
            3.91,
            8.4
        ],
        "Lactococcus lactis subsp. lactis": [
            2.19,
            3.7,
            5.1,
            184.0
        ],
        "Lactobacillus brevis": [
            0.273,
            0.73,
            7.2
        ],
        "Bacillus coagulans": [
            1.29,
            1.25,
            7.0
        ],
        "Thermus thermophilus": [
            46.6
        ],
        "Arthrobacter sp.": [
            8.88333333
        ]
    },
    "xylu__D": {
        "Streptomyces violaceoruber": [
            5.3,
            8.5,
            0.68
        ],
        "Streptomyces sp.": [
            7.8,
            5.6,
            1.3
        ],
        "Lactococcus lactis subsp. lactis": [
            1.03,
            0.99,
            7.2
        ],
        "Lactobacillus brevis": [
            0.39,
            0.19,
            9.6
        ],
        "Bacillus coagulans": [
            1.4,
            0.8,
            11.0
        ]
    },
    "glc__D": {
        "Streptomyces violaceoruber": [
            2.35,
            1.43,
            0.3
        ],
        "Streptomyces sp.": [
            2.57,
            1.63,
            0.56
        ],
        "Lactococcus lactis subsp. lactis": [
            0.42,
            2.01
        ],
        "Lactobacillus brevis": [
            0.24,
            1.22,
            1.1
        ],
        "Bacillus coagulans": [
            0.462,
            2.14,
            0.243
        ],
        "Thermus thermophilus": [
            16.3
        ],
        "Actinoplanes missouriensis": [
            25.3
        ],
        "Arthrobacter sp.": [
            2.31666667,
            19.8666667
        ]
    },
    "fru": {
        "Streptomyces violaceoruber": [
            1.97,
            4.02,
            0.278
        ],
        "Streptomyces sp.": [
            2.69,
            4.2,
            0.428
        ],
        "Lactococcus lactis subsp. lactis": [
            0.073,
            0.406
        ],
        "Lactobacillus brevis": [
            0.253,
            0.55,
            0.65
        ],
        "Bacillus coagulans": [
            0.266,
            0.7,
            0.135
        ],
        "Arthrobacter sp.": [
            1.66666667,
            20.45
        ]
    },
    "Glc_aD": {
        "Streptomyces violaceoruber": [
            2.35,
            1.43,
            0.3
        ],
        "Streptomyces sp.": [
            2.57,
            1.63,
            0.56
        ],
        "Lactococcus lactis subsp. lactis": [
            0.42,
            2.01
        ],
        "Lactobacillus brevis": [
            0.24,
            1.22,
            1.1
        ],
        "Bacillus coagulans": [
            0.462,
            2.14,
            0.243
        ]
    },
    "arab__L": {
        "Actinoplanes missouriensis": [
            0.1
        ],
        "Arthrobacter sp.": [
            1.305
        ],
        "Alicyclobacillus acidocaldarius": [
            0.03315,
            0.02855,
            0.0249666667
        ],
        "Bacillus halodurans": [
            0.0158833333,
            0.02365,
            0.0310333333
        ],
        "Lactobacillus plantarum": [
            11.2166667
        ],
        "Lactobacillus sakei": [
            32.3833333,
            34.1166667,
            34.0833333,
            30.7
        ],
        "Geobacillus stearothermophilus": [
            33.94
        ]
    },
    "rib__D": {
        "Arthrobacter sp.": [
            0.515
        ]
    },
    "man6p": {
        "Saccharomyces cerevisiae": [
            20.0
        ],
        "Pseudomonas aeruginosa": [
            0.076
        ],
        "Oryctolagus cuniculus": [
            0.0434,
            0.0058
        ]
    },
    "f6p": {
        "Geobacillus stearothermophilus": [
            150.0,
            150.0
        ],
        "Homo sapiens": [
            3333.33333
        ],
        "Saccharomyces cerevisiae": [
            2780.0,
            3720.0,
            7480.0,
            11420.0,
            247.2
        ],
        "Bos taurus": [
            1550.0,
            1900.0,
            1800.0,
            1500.0
        ],
        "Thermococcus litoralis": [
            26.0
        ],