{
    "REST": {
        "Gallus gallus": [
            2.78,
            0.22,
            2.78,
            1.63833333,
            0.8,
            0.65,
            0.89,
            0.608333333,
            1197.0,
            1333.0,
            1333.0,
            325.0,
            165.0,
            1197.0,
            510.0
        ],
        "Equus caballus": [
            1.7
        ],
        "Escherichia coli": [
            220.0
        ],
        "Saccharomyces cerevisiae": [
            400.0,
            0.0087,
            0.0074,
            490.0,
            0.16,
            1200.0
        ]
    },
    "3pg": {
        "Escherichia coli": [
            330.0
        ],
        "Saccharomyces cerevisiae": [
            400.0,
            630.0
        ]
    }
}