{
    "3pg": {
        "Triticum aestivum": [
            950.0
        ],
        "Escherichia coli": [
            330.0,
            22.0
        ],
        "Onchocerca volvulus": [
            83.0
        ],
        "Caenorhabditis elegans": [
            72.0
        ],
        "Brugia malayi": [
            110.0
        ],
        "Saccharomyces cerevisiae": [
            400.0,
            630.0
        ]
    },
    "REST": {
        "Escherichia coli": [
            0.0055,
            10.0,
            220.0
        ],
        "Entamoeba histolytica": [
            14.0,
            6.4,
            45.0,
            57.0
        ],
        "Gallus gallus": [
            0.4,
            1.63833333,
            2.78,
            0.22,
            0.8,
            0.65,
            0.89,
            0.608333333,
            325.0,
            165.0,
            1197.0,
            1333.0,
            510.0
        ],
        "Equus caballus": [
            1.7,
            2.57,
            3.57,
            12.5
        ],
        "Homo sapiens": [
            1.79116667,
            2.85,
            3.9,
            4.39,
            1.72,
            143.0
        ],
        "Saccharomyces cerevisiae": [
            0.0087,
            0.16,
            490.0,
            400.0,
            1200.0,
            0.0074
        ],
        "Lactococcus lactis subsp. lactis": [
            0.83,
            0.0178,
            175.0,
            16.6,
            17.1,
            17.0,
            177.0,
            0.0298,
            17.6
        ],
        "Neisseria meningitidis": [
            20.0
        ],
        "Acetobacter xylinus": [
            135.0
        ]
    },
    "man1p": {
        "Pseudomonas aeruginosa": [
            22.5,
            22.5,
            22.5
        ]
    },
    "g1p": {
        "Pseudomonas aeruginosa": [
            50.0
        ]
    },
    "gam6p": {
        "Escherichia coli": [
            7.9,
            2.41666667
        ]
    }
}