{
    "adp;cbp": {
        "Escherichia coli": [
            0.00516666667,
            0.00516666667
        ]
    },
    "REST": {
        "Escherichia coli": [
            1.23,
            0.001
        ]
    }
}