{
    "inost;o2": {
        "Sus scrofa": [
            0.183333333
        ]
    },
    "REST": {
        "Sus scrofa": [
            0.0383333333
        ]
    }
}