{
    "h;nadph;o2;tma": {
        "Homo sapiens": [
            0.383333333,
            0.561666667
        ],
        "Sus scrofa": [
            0.55
        ]
    },
    "REST": {
        "Homo sapiens": [
            0.433333333,
            0.233333333,
            2.06333333,
            0.605,
            0.78
        ],
        "Sus scrofa": [
            0.588333333
        ]
    }
}