{
    "REST": {
        "Homo sapiens": [
            3.66666667,
            3.66666667,
            3.66666667,
            0.142666667,
            0.142666667,
            0.142666667,
            6.2,
            2.0,
            5.2,
            3.0,
            4.9,
            6.6,
            4.4,
            0.1,
            7.5,
            40.0,
            6.3,
            1.6,
            91.0,
            61.0,
            6.66666667,
            3.16666667,
            0.0116666667,
            0.00983333333,
            0.010333333333333333,
            1.94,
            0.21
        ],
        "Mesocricetus auratus": [
            0.85
        ],
        "Mus musculus": [
            1.2,
            1.8,
            2.4,
            1.9,
            1.9,
            2.4
        ],
        "Caenorhabditis elegans": [
            15.0
        ]
    },
    "CE2209;nad": {
        "Mesocricetus auratus": [
            1.28
        ]
    },
    "h;mndn;nadph": {
        "Homo sapiens": [
            4.8,
            9.9,
            20.5,
            16.3,
            26.7,
            6.7,
            6.7,
            6.7,
            110.0,
            85.0,
            179.0,
            149.0,
            7.33333333,
            0.00916666667,
            0.0711666667,
            0.3
        ]
    },
    "h;nadph;prostge2": {
        "Homo sapiens": [
            0.1,
            25.0,
            18.0
        ]
    }
}