{
    "REST": {
        "Rattus norvegicus": [
            0.35,
            0.375
        ],
        "Homo sapiens": [
            0.000733333333,
            0.000816666667
        ]
    },
    "andrstndn;h;nadph": {
        "Rattus norvegicus": [
            0.0333333333
        ],
        "Homo sapiens": [
            0.0026666666666666666
        ]
    }
}