{
    "REST": {
        "Rattus norvegicus": [
            2.66666667,
            0.35,
            1.41666667,
            0.25,
            1.07833333,
            0.0483333333,
            0.48,
            1.06833333,
            0.138333333,
            1.44333333,
            0.121666667,
            1.26,
            1.18,
            1.09,
            1.1,
            2.21666667,
            1.14,
            2.16666667,
            1.7,
            1.31,
            2.01666667,
            3.61666667,
            2.05,
            0.4,
            0.101666667,
            0.05,
            0.0783333333,
            0.06
        ],
        "Homo sapiens": [
            0.0118333333,
            0.0015,
            0.00133333333,
            0.00366666667,
            0.266666667,
            0.266666667,
            0.00283333333,
            0.3,
            0.005,
            0.0316666667,
            0.000333333333,
            0.0533333333,
            0.035,
            0.0316666667,
            0.0233333333,
            0.0155,
            0.011,
            0.00366666667,
            0.0103333333,
            0.00983333333,
            0.00733333333,
            0.00366666667,
            0.000166666667,
            0.00666666667,
            0.0183333333,
            0.49,
            0.585,
            0.416666667,
            0.125,
            0.0483333333,
            0.0183333333,
            0.015,
            0.0333333333,
            0.00183333333,
            0.39,
            0.0941666667,
            0.003,
            0.000966666667,
            0.0009,
            0.000366666667,
            0.025,
            0.000118333333,
            0.002,
            0.00383333333,
            0.00416666667,
            0.00433333333,
            0.007
        ],
        "Mesocricetus auratus": [
            0.266666667,
            0.05,
            0.366666667,
            0.233333333,
            0.02,
            0.158333333,
            0.166666667,
            1.2,
            0.216666667,
            0.633333333,
            0.766666667,
            2.71666667,
            0.416666667,
            0.45,
            0.733333333,
            0.766666667,
            0.35,
            0.433333333,
            0.233333333,
            0.0983333333,
            0.05,
            0.0333333333,
            0.0333333333
        ]
    },
    "ahandrostan;nad": {
        "Rattus norvegicus": [
            2.56666667
        ]
    },
    "xoldioloneh;h;nadph": {
        "Rattus norvegicus": [
            0.075
        ]
    },
    "xol7ah;h;nadph": {
        "Rattus norvegicus": [
            0.235,
            0.235,
            0.235
        ]
    },
    "xol7ah;h;nadh": {
        "Rattus norvegicus": [
            0.248333333
        ]
    },
    "xol7ah2;nadp": {
        "Rattus norvegicus": [
            0.0616666667
        ]
    },
    "andrstandn;h;nadph": {
        "Rattus norvegicus": [
            0.435
        ],
        "Mesocricetus auratus": [
            0.566666667
        ],
        "Homo sapiens": [
            0.008,
            0.0231666667
        ]
    },
    "CE2209;nadp": {
        "Homo sapiens": [
            0.000666666667,
            0.004
        ],
        "Mesocricetus auratus": [
            1.33333333
        ]
    },
    "ahandrostan;nadp": {
        "Homo sapiens": [
            0.0015
        ],
        "Mesocricetus auratus": [
            1.33333333
        ]
    },
    "h;mndn;nadph": {
        "Homo sapiens": [
            0.025
        ]
    },
    "HC02193;nad": {
        "Mesocricetus auratus": [
            0.25
        ]
    },
    "HC02193;nadp": {
        "Mesocricetus auratus": [
            0.233333333
        ]
    },
    "gdchola;nadp": {
        "Mesocricetus auratus": [
            0.2
        ]
    },
    "andrstandn;h;nadh": {
        "Mesocricetus auratus": [
            0.0416666667
        ],
        "Rattus norvegicus": [
            0.28,
            0.29,
            0.54,
            0.43
        ]
    },
    "andrstndn;h;nadph": {
        "Homo sapiens": [
            0.00111666667
        ]
    }
}