{
    "REST": {
        "Mus musculus": [
            2.02666667,
            1.3333333333333333,
            0.7666666666666666,
            1.0333333333333332,
            1.3,
            0.5666666666666667,
            0.9,
            1.25,
            1.1,
            1.5666666666666667,
            1.9,
            0.43333333333333335,
            1.9166666666666667
        ],
        "Rattus norvegicus": [
            1.8
        ],
        "Homo sapiens": [
            1.53333333,
            1.68333333,
            1.81666667,
            1.56666667,
            5.41666667,
            2.36666667,
            3.61666667,
            1.8
        ],
        "Arabidopsis thaliana": [
            17.0,
            10.7
        ]
    },
    "h;mthgxl;nadph": {
        "Mus musculus": [
            0.7833333333333333
        ]
    }
}