{
    "REST": {
        "Eidolon helvum": [
            19000.0,
            51.0,
            78.0,
            86.0
        ],
        "Oryctolagus cuniculus": [
            1000.0,
            816.666667,
            0.133333333,
            12.25
        ]
    }
}