{
    "REST": {
        "Comamonas testosteroni": [
            318.0
        ],
        "Homo sapiens": [
            0.09,
            0.126666667,
            0.0333333333,
            0.0383333333,
            0.25,
            0.0516666667,
            0.0283333333,
            0.00833333333,
            0.316666667,
            0.583333333,
            0.266666667,
            0.0366666667,
            0.316666667,
            0.183333333,
            0.0666666667,
            0.166666667,
            0.135,
            0.035,
            0.03,
            0.0183333333,
            0.08,
            0.05,
            0.01,
            0.0566666667,
            0.0166666667,
            0.0145,
            0.032,
            0.0331666667,
            0.0231666667
        ],
        "Bos taurus": [
            0.146666667
        ]
    },
    "CE2209;nadp": {
        "Homo sapiens": [
            0.113333333,
            0.035
        ]
    },
    "ahandrostan;nadp": {
        "Homo sapiens": [
            0.0783333333
        ]
    },
    "C02528;nadp": {
        "Homo sapiens": [
            0.0316666667
        ]
    },
    "dhnpthld;nadp": {
        "Homo sapiens": [
            0.09
        ]
    },
    "h;mndn;nadph": {
        "Homo sapiens": [
            0.0516666667
        ]
    },
    "xol7ah;h;nadph": {
        "Homo sapiens": [
            0.0233333333
        ]
    },
    "andrstandn;h;nadph": {
        "Homo sapiens": [
            0.0298333333
        ]
    }
}