{
    "ferulcoa;h;nadph": {
        "Arabidopsis thaliana": [
            0.038,
            0.03716666666666667,
            0.03166666666666666,
            1.55,
            0.16
        ]
    },
    "REST": {
        "Arabidopsis thaliana": [
            0.06116666666666667,
            0.058333333333333334,
            0.02783333333333333,
            0.027166666666666665,
            0.1,
            1.39,
            1.1
        ]
    },
    "caffcoa;h;nadph": {
        "Arabidopsis thaliana": [
            0.036333333333333336,
            0.014499999999999999,
            0.13
        ]
    }
}