{
    "fald;h2o;nad": {
        "Homo sapiens": [
            67.5
        ]
    },
    "acald;h2o;nad": {
        "Homo sapiens": [
            13.1666667,
            19.6666667,
            13.1666667,
            13.1666667,
            19.6666667,
            4.66666667,
            6.33333333,
            1.63333333,
            7.0
        ],
        "Bos taurus": [
            1.86
        ],
        "Rattus norvegicus": [
            0.16,
            0.41
        ]
    },
    "h2o;nad;ppal": {
        "Homo sapiens": [
            11.6666667,
            19.6666667,
            3.41666667,
            3.41666667,
            3.18333333,
            3.16666667,
            3.16666667
        ],
        "Rattus norvegicus": [
            0.433333333,
            1.13333333,
            0.7,
            1.83333333,
            0.433333333,
            0.7,
            1.83333333,
            1.13333333,
            2.05,
            0.14,
            0.85
        ],
        "Bos taurus": [
            1.85
        ]
    },
    "h2o;nad;ptal": {
        "Homo sapiens": [
            22.8333333,
            8.16666667
        ]
    },
    "REST": {
        "Homo sapiens": [
            4.16666667,
            28.5,
            4.16666667,
            15.0,
            11.6666667,
            3.83333333,
            0.45,
            0.45,
            2.5,
            12.3333333,
            15.1666667,
            0.666666667,
            1.23333333,
            7.16666667,
            3.0,
            4.5,
            2.5,
            5.83333333,
            0.366666667,
            2.33333333,
            1.0,
            9.83333333,
            2.75,
            1.41666667,
            4.0,
            0.25,
            0.833333333,
            0.616666667,
            0.983333333,
            1.3,
            1.08333333,
            8.33333333,
            11.1666667,
            4.66666667,
            1.56666667,
            5.33333333,
            0.983333333,
            0.3,
            27.6666667,
            0.0,
            9.33333333,
            3.16666667,
            2.66666667,
            0.158333333,
            0.55,
            6.0,
            2.13333333,
            0.0,
            4.41666667,
            11.3333333,
            7.83333333,
            8.16666667,
            7.9,
            0.133333333,
            0.0316666667,
            0.000166666667,
            0.0403333333
        ],
        "Ovis aries": [
            1.5,
            5.5,
            2.6,
            8.6
        ],
        "Bos taurus": [
            0.76,
            1.19,
            1.29,
            0.23
        ],
        "Bacillus subtilis": [
            2.75,
            1.12,
            0.74,
            1.08,
            1.35,
            1.47,
            0.97
        ],
        "Arthrobacter nicotinovorans": [
            3.1
        ]
    },
    "h2o;hptal;nad": {
        "Homo sapiens": [
            22.6666667,
            4.33333333
        ]
    },
    "h2o;nad;pacald": {
        "Homo sapiens": [
            30.0,
            50.0
        ],
        "Bos taurus": [
            1.39
        ]
    },
    "bzal;h2o;nad": {
        "Homo sapiens": [
            5.83333333
        ],
        "Rattus norvegicus": [
            0.12,
            0.39
        ]
    },
    "gcald;h2o;nad": {
        "Bos taurus": [
            1.2
        ]
    },
    "g3p;h2o;nad": {
        "Bos taurus": [
            0.28
        ]
    },
    "retinal;h2o;nad": {
        "Rattus norvegicus": [
            0.03
        ]
    },
    "h2o;nadp;ppal": {
        "Bacillus subtilis": [
            1.29
        ]
    },
    "h2o;nadp;ptal": {
        "Bacillus subtilis": [
            2.1
        ]
    },
    "h2o;hptal;nadp": {
        "Bacillus subtilis": [
            0.87
        ]
    }
}