{
    "btcoa;fad": {
        "Homo sapiens": [
            2.2,
            3.7,
            20.7
        ],
        "Rattus norvegicus": [
            25.9,
            3.8,
            28.3,
            5.3
        ]
    },
    "fad;ptcoa": {
        "Homo sapiens": [
            40.0,
            3.3,
            14.1
        ],
        "Rattus norvegicus": [
            24.3,
            25.4
        ]
    },
    "REST": {
        "Homo sapiens": [
            0.24,
            2.1,
            2.2,
            4.1,
            5.6,
            6.7,
            7.4,
            8.9,
            9.0,
            3.4,
            11.9,
            12.8,
            11.5,
            14.2,
            13.6,
            8.0,
            10.0,
            18.5,
            19.2,
            13.1,
            4.6,
            19.9,
            16.5,
            26.4,
            2.7,
            6.3,
            0.003
        ],
        "Solanum tuberosum": [
            0.98
        ],
        "Rattus norvegicus": [
            2.4,
            3.2,
            4.2,
            4.5,
            5.4,
            6.0,
            27.2,
            8.5,
            11.7,
            16.8,
            25.2,
            27.0,
            31.2
        ],
        "Sus scrofa": [
            0.61,
            0.46,
            0.016,
            0.047,
            5.45,
            6.2,
            8.6,
            13.2,
            14.3333333,
            14.1666667,
            18.8,
            19.6,
            20.6,
            20.0
        ],
        "Bos taurus": [
            0.03,
            1.35,
            2.5,
            3.3,
            0.25,
            0.1
        ]
    }
}