{
    "REST": {
        "Homo sapiens": [
            9.0,
            18.5,
            2.2,
            12.8,
            6.7,
            6.7
        ],
        "Sus scrofa": [
            14.3333333,
            5.45,
            14.1666667
        ]
    }
}