{
    "b2coa;nadph": {
        "Homo sapiens": [
            0.333333333,
            0.333333333
        ]
    },
    "REST": {
        "Homo sapiens": [
            0.05,
            0.216666667,
            0.216666667
        ]
    }
}