{
    "h;nadph;trdox": {
        "Escherichia coli": [
            20.8333333,
            17.8333333
        ],
        "Rattus norvegicus": [
            20.0
        ]
    },
    "REST": {
        "Plasmodium falciparum": [
            106.0,
            45.5,
            51.3
        ],
        "Rattus norvegicus": [
            20.6,
            4.8,
            2.8,
            9.6,
            0.15,
            1.8,
            4.9,
            7.4,
            17.3,
            4.6,
            3.2,
            0.11,
            0.13,
            0.16,
            0.12,
            0.04,
            0.25,
            3.5
        ],
        "Bos taurus": [
            13.7
        ]
    },
    "nadp;trdrd": {
        "Rattus norvegicus": [
            16.5
        ]
    },
    "h;mndn;nadph": {
        "Rattus norvegicus": [
            1.5,
            0.18
        ]
    }
}