{
    "REST": {
        "Escherichia coli": [
            176.4
        ],
        "Thermus scotoductus": [
            1.9
        ],
        "Homo sapiens": [
            700.0,
            618.333333,
            266.666667,
            335.0
        ],
        "Pisum sativum": [
            345.0,
            190.0,
            190.0,
            380.0,
            383.0,
            300.0
        ]
    },
    "h;lipoate;nadh": {
        "Homo sapiens": [
            25.0
        ]
    }
}