{
    "focytC;o2": {
        "Bos taurus": [
            33.4,
            55.0,
            46.0,
            38.1,
            25.8,
            25.0,
            39.6,
            32.7,
            296.0,
            12.4
        ],
        "Bacillus subtilis": [
            2.0833333333333335,
            2.0833333333333335,
            2.05,
            0.95,
            13.333333333333334,
            13.333333333333334
        ]
    }
}