{
    "thf;ser__L": {
        "Macaca radiata": [
            0.0017,
            0.0017,
            0.0017,
            0.0017,
            0.0017,
            0.0017,
            0.0017,
            0.0017
        ],
        "Rattus norvegicus": [
            0.815,
            0.835
        ],
        "Homo sapiens": [
            13.133333333333333,
            9.583333333333334,
            9.583333333333334
        ],
        "Arabidopsis thaliana": [
            15.8
        ],
        "Escherichia coli": [
            11.5,
            11.5
        ]
    },
    "athr__L": {
        "Rattus norvegicus": [
            0.203333333,
            0.06
        ]
    },
    "REST": {
        "Arabidopsis thaliana": [
            7.6,
            8.7,
            4.3,
            3.5,
            3.5,
            3.8,
            3.3
        ]
    }
}