{
    "ethadmp;amet": {
        "Caenorhabditis elegans": [
            8.233333333333333,
            9.783333333333333,
            8.233333333333333,
            8.233333333333333,
            9.783333333333333,
            9.783333333333333
        ]
    },
    "C01241;amet": {
        "Caenorhabditis elegans": [
            9.416666666666666
        ]
    }
}