{
    "REST": {
        "Bacillus subtilis": [
            164.6
        ],
        "Streptococcus salivarius": [
            63.483333333333334,
            28.883333333333333
        ],
        "Gluconacetobacter diazotrophicus": [
            60.0
        ]
    }
}