{
    "REST": {
        "Delphinium grandiflorum": [
            0.036,
            0.1,
            0.17,
            0.019,
            0.0082,
            0.019,
            0.0191
        ],
        "Dianthus caryophyllus": [
            0.06,
            0.39,
            0.07,
            0.12,
            0.013,
            0.012,
            0.023,
            0.0021,
            0.0195
        ],
        "Bacteroides thetaiotaomicron": [
            240.0,
            25.0,
            37.0,
            22.0
        ],
        "Escherichia coli": [
            6.9e-05,
            36.0,
            38.0,
            73.0,
            45.0,
            0.00297
        ],
        "Bellis perennis": [
            34.0,
            35.0
        ],
        "Homo sapiens": [
            0.865,
            1.9,
            0.0616666667,
            0.591666667,
            0.243333333,
            0.085,
            0.0933333333,
            0.115,
            0.004833333333333333
        ],
        "Xanthomonas campestris": [
            114.0,
            43.0,
            173.0,
            127.0
        ],
        "Neurospora crassa": [
            306.0,
            146.0
        ],
        "Lactobacillus reuteri": [
            504.0,
            362.0,
            43.6,
            55.2
        ],
        "Lactobacillus johnsonii": [
            176.0
        ],
        "Pyrobaculum aerophilum": [
            115.0
        ],
        "Streptomyces galilaeus": [
            0.035,
            1.09,
            0.09000000000000001,
            0.0036666666666666666,
            0.0028333333333333335,
            8.333333333333333e-05,
            0.0013666666666666666
        ],
        "Sorghum bicolor": [
            0.1,
            0.06,
            0.09,
            0.03,
            0.39,
            0.07,
            0.91,
            8.9,
            10.6
        ],
        "Arabidopsis thaliana": [
            1.22,
            1.37,
            3.17,
            1.08,
            1.43,
            4.52,
            1.0
        ],
        "Bos taurus": [
            0.058,
            0.247
        ],
        "Neisseria polysaccharea": [
            0.55,
            1.28333333
        ],
        "Deinococcus radiodurans": [
            0.82,
            2.01
        ],
        "Salmonella typhimurium": [
            0.04,
            3.5,
            34.0,
            35.0
        ],
        "Saccharomyces cerevisiae": [
            12.1,
            70.9
        ],
        "Glycine max": [
            0.74,
            0.76
        ],
        "Bacillus subtilis": [
            0.866666667,
            164.6,
            8.61666667,
            9.18333333,
            10.25,
            12.25,
            13.9166667
        ],
        "Streptococcus salivarius": [
            28.883333333333333,
            63.483333333333334
        ],
        "Gluconacetobacter diazotrophicus": [
            60.0
        ],
        "Zea mays": [
            11.6,
            12.5,
            22.7,
            22.6
        ],
        "Thermoanaerobacterium thermosaccharolyticum": [
            24.2,
            66.2,
            59.3
        ],
        "Streptomyces niveus": [
            3.65,
            4.83333333
        ],
        "Streptococcus pyogenes": [
            219722.222
        ],
        "Streptococcus equisimilis": [
            1.55555556
        ],
        "Pseudomonas aeruginosa": [
            11.25,
            12.2333333,
            12.0
        ],
        "Petunia hybrida": [
            89.6,
            59.9,
            50.9,
            61.1,
            82.3,
            57.4,
            59.8,
            61.2
        ],
        "Lachnoclostridium phytofermentans": [
            1.6,
            2.5
        ],
        "Thermoanaerobacterium thermosulfurigenes": [
            1115.0,
            588.0,
            1132.0,
            1200.0,
            1586.0,
            1019.0,
            509.0
        ],
        "Solanum tuberosum": [
            2.3,
            4.0,
            69.8,
            142.8,
            21.7,
            0.001
        ],
        "Vigna radiata": [
            0.39,
            0.85
        ]
    },
    "prpp;hxan": {
        "Trypanosoma cruzi": [
            23.0,
            23.0,
            23.05
        ],
        "Thermoanaerobacter tengcongensis": [
            4.12,
            7.97,
            15.9,
            4.12,
            7.97,
            15.9
        ],
        "Homo sapiens": [
            5.7,
            5.7
        ]
    },
    "ppi;imp": {
        "Trypanosoma cruzi": [
            0.47,
            0.48,
            0.468
        ]
    },
    "prpp;gua": {
        "Thermoanaerobacter tengcongensis": [
            2.04,
            3.98,
            8.16,
            2.04,
            3.98,
            8.16
        ],
        "Trypanosoma cruzi": [
            32.55
        ]
    },
    "ppi;gmp": {
        "Homo sapiens": [
            10.48,
            10.48
        ],
        "Trypanosoma cruzi": [
            0.091
        ]
    },
    "pi;starch": {
        "Corynebacterium callunae": [
            74.0,
            74.0
        ]
    },
    "amylose;g1p": {
        "Corynebacterium callunae": [
            52.0
        ]
    },
    "M02446;pi": {
        "Escherichia coli": [
            28.0
        ]
    },
    "ins;pi": {
        "Homo sapiens": [
            56.0,
            56.0
        ]
    },
    "r1p;hxan": {
        "Homo sapiens": [
            110.0
        ]
    },
    "M02451": {
        "Pyrobaculum aerophilum": [
            51.2
        ]
    },
    "M02449": {
        "Pyrobaculum aerophilum": [
            24.8
        ]
    },
    "M02447": {
        "Pyrobaculum aerophilum": [
            8.9
        ]
    },
    "M02446": {
        "Pyrobaculum aerophilum": [
            8.7
        ]
    },
    "ppi;ump": {
        "Bacillus subtilis": [
            0.0015
        ],
        "Escherichia coli": [
            0.024
        ]
    },
    "prpp;ura": {
        "Escherichia coli": [
            2.7
        ],
        "Salmonella typhimurium": [
            0.9
        ]
    },
    "prpp;ncam": {
        "Mus musculus": [
            0.02
        ]
    },
    "ppi;orot5p": {
        "Salmonella typhimurium": [
            18.0,
            18.0
        ]
    },
    "cellb;pi": {
        "Thermotoga neapolitana": [
            26.3
        ]
    },
    "pi;suc6p": {
        "Thermoanaerobacterium thermosaccharolyticum": [
            82.6
        ]
    },
    "fru;g1p": {
        "Thermoanaerobacterium thermosaccharolyticum": [
            14.4,
            16.9
        ]
    },
    "starch": {
        "Thermoanaerobacterium thermosulfurigenes": [
            375.0,
            294.0,
            61.0
        ]
    },
    "fru;uacgam": {
        "Solanum tuberosum": [
            0.9
        ]
    }
}