{
    "8aonn;amet": {
        "Escherichia coli": [
            0.283333333,
            0.08,
            0.013
        ],
        "Mycobacterium tuberculosis": [
            0.0166666667
        ]
    }
}