{
    "adp;pep": {
        "Homo sapiens": [
            355.0,
            355.0,
            355.0,
            349.0,
            350.0,
            64.9,
            64.9
        ],
        "Corynebacterium glutamicum": [
            2540.0
        ],
        "Saccharomyces cerevisiae": [
            58.4,
            66.0,
            232.0,
            226.0,
            66.0,
            226.0,
            66.0,
            226.0,
            188.0,
            195.0,
            188.0,
            195.0,
            20.1460026,
            20.1306449,
            20.1,
            20.146,
            0.0
        ],
        "Escherichia coli": [
            123.0,
            160.0,
            132.0,
            127.0
        ],
        "Arabidopsis thaliana": [
            95000.0,
            53000.0,
            95000.0,
            53000.0
        ],
        "Trypanosoma brucei": [
            0.00056,
            0.000308333333,
            0.000256666667,
            0.000543333333,
            0.000113666667,
            0.00017,
            0.000483333333,
            0.000122,
            0.000191666667,
            0.000476666667,
            0.00018,
            0.000208333333,
            0.000516666667,
            0.00029,
            0.000256666667,
            0.00056,
            0.000296666667,
            0.000193333333,
            0.000556666667,
            0.00017,
            0.000241666667,
            0.000523333333,
            0.000133333333,
            0.000221666667,
            0.000523333333,
            0.000141,
            0.000241666667,
            0.000571666667,
            0.000154333333,
            0.000248333333,
            0.000583333333,
            0.000205,
            0.000286666667,
            0.000611666667,
            0.000195,
            0.000273333333,
            0.000483333333,
            9e-05,
            0.00029,
            7.5e-05,
            0.000456666667,
            0.0001,
            0.00014,
            0.000386666667,
            0.000176666667,
            0.000131666667,
            0.00048,
            0.00032,
            0.000103333333,
            0.000644333333,
            0.000704666667,
            0.000483166667,
            0.000503333333,
            0.000362333333,
            0.00029,
            0.000503333333,
            0.0005315,
            0.000507333333,
            0.000458833333,
            0.000342333333,
            0.000277833333,
            338.0,
            316.0,
            341.3,
            328.0,
            281.2,
            316.3,
            231.2,
            234.8
        ]
    }
}