{
    "REST": {
        "Bacillus subtilis": [
            0.116666667,
            0.25,
            1.63333333,
            1.53333333,
            0.0833333333,
            5.33333333,
            0.916666667,
            0.833333333,
            0.8,
            0.0283333333,
            2.08333333,
            0.266666667,
            0.0333333333,
            0.333333333,
            87.0,
            0.208333333,
            0.366666667,
            0.233333333
        ],
        "Homo sapiens": [
            0.24
        ],
        "Saccharomyces cerevisiae": [
            0.05
        ]
    }
}