{
    "atp;protein": {
        "Homo sapiens": [
            0.45,
            5.3,
            1.2,
            6.1
        ]
    },
    "REST": {
        "Homo sapiens": [
            1.85194444
        ]
    },
    "atp;peptide": {
        "Homo sapiens": [
            0.36666666666666664,
            0.4166666666666667,
            1.9833333333333334
        ]
    }
}