{
    "REST": {
        "Rhodotorula aurantiaca": [
            159.0,
            136.0,
            183.0,
            153.0,
            106.0,
            121.0
        ],
        "Escherichia coli": [
            0.14,
            0.3,
            0.05,
            1.02,
            0.26,
            0.37,
            0.36,
            0.49,
            5.09,
            10.13,
            15.29,
            88.99
        ],
        "Homo sapiens": [
            0.07,
            1.8,
            1.4,
            1.2,
            1.44,
            1.48,
            1.5,
            1.43,
            0.19,
            0.14,
            11.5,
            12.2,
            16.6,
            19.7,
            0.18,
            0.05,
            0.0047,
            0.0032,
            183.0,
            188.0,
            1736.0,
            201.0,
            0.066,
            1486.0,
            0.022,
            0.023,
            0.02,
            0.019,
            0.0044,
            0.016,
            0.017,
            0.079,
            0.083,
            0.011
        ],
        "Rattus norvegicus": [
            5.33333333,
            5.66666667,
            150.0,
            23.3333333,
            283.333333
        ],
        "Candida albicans": [
            82.0,
            68.0
        ],
        "Salmonella typhimurium": [
            168.8,
            209.9,
            394.9,
            149.9
        ],
        "Arabidopsis thaliana": [
            74.0
        ],
        "Saccharomyces cerevisiae": [
            35.1,
            38.1,
            979.0,
            723.0,
            25.8,
            605.0
        ],
        "Arthrobacter sp.": [
            0.08,
            0.25,
            0.00073,
            6.7
        ],
        "Bacillus halodurans": [
            0.34,
            0.13,
            6.5,
            7.3,
            0.0081,
            0.042
        ],
        "Pseudomonas reinekei": [
            8.9,
            0.74,
            18.0,
            19.0
        ],
        "Pseudomonas sp.": [
            0.123,
            12.0,
            6.8
        ]
    },
    "lnlncacoa;h2o": {
        "Homo sapiens": [
            13.3
        ]
    },
    "3hibutcoa;h2o": {
        "Rattus norvegicus": [
            266.0
        ]
    },
    "lgt__S;h2o": {
        "Homo sapiens": [
            727.0,
            780.0,
            755.0,
            46.3666667
        ],
        "Arabidopsis thaliana": [
            408.0,
            359.0,
            168.0,
            3930.0,
            484.0,
            470.0,
            136.0,
            240.0,
            129.0,
            466.0
        ],
        "Mus musculus": [
            450.0,
            450.0
        ],
        "Candida albicans": [
            142.0
        ],
        "Plasmodium falciparum": [
            64.3333333,
            119.583333
        ],
        "Escherichia coli": [
            53.0
        ]
    },
    "benzcoa;h2o": {
        "Arthrobacter sp.": [
            1.86
        ],
        "Bacillus halodurans": [
            0.068
        ],
        "Pseudomonas sp.": [
            0.26
        ]
    },
    "3hbzcoa;h2o": {
        "Arthrobacter sp.": [
            15.8
        ],
        "Bacillus halodurans": [
            1.5
        ],
        "Pseudomonas reinekei": [
            15.0
        ],
        "Homo sapiens": [
            0.011
        ]
    },
    "h2o;phaccoa": {
        "Arthrobacter sp.": [
            0.0009
        ],
        "Bacillus halodurans": [
            0.034
        ],
        "Homo sapiens": [
            0.084
        ]
    },
    "accoa;h2o": {
        "Arthrobacter sp.": [
            0.0108
        ],
        "Rattus norvegicus": [
            6.66666667
        ],
        "Homo sapiens": [
            0.054
        ]
    },
    "h2o;ppcoa": {
        "Arthrobacter sp.": [
            0.026
        ],
        "Bacillus halodurans": [
            0.058
        ],
        "Rattus norvegicus": [
            2.0
        ],
        "Homo sapiens": [
            0.036
        ]
    },
    "btcoa;h2o": {
        "Arthrobacter sp.": [
            0.0319
        ],
        "Homo sapiens": [
            0.047
        ]
    },
    "b2coa;h2o": {
        "Arthrobacter sp.": [
            0.075
        ],
        "Homo sapiens": [
            0.0076,
            0.014
        ]
    },
    "34dphacoa;h2o": {
        "Homo sapiens": [
            0.19
        ]
    },
    "h2o;Sfglutth": {
        "Escherichia coli": [
            28.5,
            6.51
        ]
    }
}