{
    "REST": {
        "Rattus norvegicus": [
            5.33333333,
            23.3333333,
            23.3333333,
            23.3333333,
            23.3333333,
            23.3333333,
            23.3333333,
            23.3333333,
            23.3333333,
            23.3333333,
            23.3333333,
            23.3333333,
            23.3333333,
            23.3333333,
            23.3333333,
            23.3333333,
            23.3333333,
            23.3333333
        ]
    },
    "accoa;h2o": {
        "Rattus norvegicus": [
            6.66666667
        ]
    },
    "h2o;ppcoa": {
        "Rattus norvegicus": [
            2.0
        ]
    }
}