{
    "REST": {
        "Bacillus subtilis": [
            0.0016666666666666668,
            0.0008833333333333333
        ],
        "Homo sapiens": [
            0.0021666666666666666,
            8.333333333333333e-05
        ]
    }
}