{
    "REST": {
        "Bacillus licheniformis": [
            0.5,
            7.8,
            400.0,
            0.4,
            0.6,
            7.0,
            43.0,
            4.0,
            3.3,
            41.0,
            43.0,
            42.0,
            18.0
        ],
        "Bacillus amyloliquefaciens": [
            109.416667,
            300.783333
        ]
    }
}