{
    "h2o;arg__L": {
        "Bacillus caldovelox": [
            3000.0
        ],
        "Bos taurus": [
            1366.66667,
            1366.66667,
            1200.0,
            1200.0,
            1200.0,
            1200.0
        ],
        "Plasmodium falciparum": [
            96.0
        ],
        "Rattus norvegicus": [
            250.0,
            141.0,
            70.0
        ],
        "Homo sapiens": [
            231.0,
            203.0,
            203.0,
            203.0,
            203.0,
            203.0,
            203.0,
            203.0,
            203.0,
            231.0,
            231.0
        ]
    },
    "REST": {
        "Rattus norvegicus": [
            0.0015,
            0.0583333333,
            0.09,
            300.0,
            0.0133333333,
            3.33333333
        ]
    }
}