{
    "atp;h2o": {
        "Saccharomyces cerevisiae": [
            0.616666667,
            0.95,
            0.45,
            0.3,
            0.7,
            1.16666667,
            1.26666667,
            1.25833333,
            4.66666667,
            3.5,
            5.66666667,
            0.09000000000000001,
            0.0045
        ]
    },
    "REST": {
        "Saccharomyces cerevisiae": [
            0.0116666667
        ]
    },
    "datp;h2o": {
        "Xenopus laevis": [
            0.15
        ]
    }
}