{
    "co2;idp;pep": {
        "Gallus gallus": [
            2.8,
            4.33333333,
            3.71666667,
            2.45,
            0.44,
            3.18,
            0.8,
            3.3,
            0.7
        ],
        "Rana catesbeiana": [
            17.8833333
        ],
        "Ascaris suum": [
            6.88333333
        ],
        "Saccharomyces cerevisiae": [
            4.9
        ]
    },
    "itp;oaa": {
        "Rana catesbeiana": [
            39.4833333
        ],
        "Ascaris suum": [
            15.6333333
        ],
        "Saccharomyces cerevisiae": [
            17.0
        ]
    },
    "co2;gdp;pep": {
        "Ascaris suum": [
            6.5,
            9.33333333
        ],
        "Saccharomyces cerevisiae": [
            6.7
        ]
    },
    "gtp;oaa": {
        "Ascaris suum": [
            13.8666667,
            17.7833333
        ],
        "Saccharomyces cerevisiae": [
            33.0
        ]
    },
    "co2;dgdp;pep": {
        "Ascaris suum": [
            4.55
        ]
    },
    "dgtp;oaa": {
        "Ascaris suum": [
            3.4
        ]
    },
    "his__L": {
        "Lactobacillus sp.": [
            46.6666667,
            46.6666667,
            46.6666667
        ]
    },
    "REST": {
        "Pseudomonas putida": [
            241.0,
            1349.0,
            21.0,
            44.3,
            17.3,
            8.6,
            11.0
        ],
        "Escherichia coli": [
            0.833333333,
            51.0
        ],
        "Enterobacter cloacae": [
            0.4,
            3.9,
            3.2,
            5.3,
            5.7,
            4.5,
            3.5,
            46.4,
            22.7
        ],
        "Saccharomyces cerevisiae": [
            3.81,
            4.9
        ],
        "Homo sapiens": [
            128.3,
            2.9,
            135.0,
            13.0,
            141.2,
            109.2,
            19.0
        ],
        "Oryza sativa": [
            0.16,
            1.69
        ],
        "Burkholderia cepacia": [
            0.86,
            1.83,
            0.076,
            3.3,
            4.9,
            5.22,
            3.8,
            7.4,
            0.05,
            1.4,
            10.4,
            4.6,
            4.47,
            13.1,
            1.29
        ],
        "Zymomonas mobilis": [
            320.0,
            0.4,
            4.0,
            53.0
        ],
        "Clostridium difficile": [
            65.0
        ],
        "Clostridium scatologenes": [
            67.0
        ],
        "Paramecium bursaria chlorella virus 1": [
            0.9,
            10.0,
            14.0
        ],
        "Selenomonas ruminantium": [
            4.83
        ],
        "Nicotiana glutinosa": [
            77.78
        ]
    },
    "pyr": {
        "Pseudomonas putida": [
            0.1
        ],
        "Enterobacter cloacae": [
            3.5
        ],
        "Zymomonas mobilis": [
            486.0
        ],
        "Saccharomyces cerevisiae": [
            1.78,
            2.2,
            3.16302571,
            9.21,
            10.3,
            10.32,
            12.1,
            12.14,
            12.06,
            12.42
        ],
        "Bacteroides fragilis": [
            0.05
        ]
    },
    "oaa": {
        "Lactococcus lactis subsp. lactis bv. Diacetylactis": [
            20.26
        ]
    },
    "arg__L": {
        "Chlamydophila pneumoniae": [
            6.9
        ],
        "Methanocaldococcus jannaschii": [
            2.7
        ],
        "Paramecium bursaria chlorella virus 1": [
            15.0,
            24.0,
            15.0
        ],
        "Sulfolobus solfataricus": [
            2.6,
            0.019
        ],
        "Avena sativa": [
            0.0027500000000000003,
            0.00025
        ]
    },
    "lys__L": {
        "Paramecium bursaria chlorella virus 1": [
            0.45
        ],
        "Selenomonas ruminantium": [
            10.6
        ],
        "Arabidopsis thaliana": [
            1.63333333
        ],
        "Nicotiana glutinosa": [
            0.236
        ]
    },
    "co2;rb15bp;h2o": {
        "Nicotiana tabacum": [
            2.9
        ],
        "Synechococcus sp.": [
            11.8,
            11.8,
            11.8,
            2.7
        ],
        "Synechocystis sp.": [
            12.6666667,
            12.6666667,
            1.31666667,
            1.31666667,
            9.08333333,
            9.08333333
        ],
        "Xanthobacter flavus": [
            2.0
        ],
        "Bradyrhizobium diazoefficiens": [
            3.2
        ],
        "Rhodobacter sphaeroides": [
            2.9
        ]
    },
    "oxalcoa": {
        "Oxalobacter formigenes": [
            88.0
        ]
    },
    "amet": {
        "Methanocaldococcus jannaschii": [
            0.00075
        ],
        "Arabidopsis thaliana": [
            45.8333333
        ]
    },
    "4hphac;h": {
        "Clostridium difficile": [
            110.0
        ],
        "Clostridium scatologenes": [
            135.0
        ]
    },
    "oxa": {
        "Bacillus subtilis": [
            57.0,
            53.0
        ]
    },
    "co2;h2o;pep": {
        "Sorghum bicolor": [
            66.0,
            9.5,
            0.174
        ],
        "Flaveria trinervia": [
            154.0,
            164.0,
            146.0,
            160.0,
            108.0,
            114.0,
            102.0,
            108.0,
            49.0,
            55.0,
            48.0,
            52.0
        ],
        "Flaveria pringlei": [
            51.0,
            60.0,
            44.0,
            51.0
        ]
    },
    "orot5p": {
        "Saccharomyces cerevisiae": [
            44.0
        ]
    },
    "3pop": {
        "Bacteroides fragilis": [
            10.2,
            8.7,
            10.2,
            9.3,
            9.7,
            10.2,
            10.2
        ]
    },
    "atp;oaa": {
        "Saccharomyces cerevisiae": [
            37.0
        ]
    },
    "oaa;utp": {
        "Saccharomyces cerevisiae": [
            5.1
        ]
    },
    "ctp;oaa": {
        "Saccharomyces cerevisiae": [
            8.9
        ]
    },
    "adp;co2;pep": {
        "Saccharomyces cerevisiae": [
            36.0
        ]
    },
    "co2;pep;udp": {
        "Saccharomyces cerevisiae": [
            0.55
        ]
    },
    "cdp;co2;pep": {
        "Saccharomyces cerevisiae": [
            3.8
        ]
    },
    "glu__L": {
        "Sus scrofa": [
            0.017,
            0.000883333333
        ],
        "Rattus norvegicus": [
            0.00136666667
        ]
    }
}