{
    "23ccmp;h2o": {
        "Bos taurus": [
            3.49
        ]
    },
    "atp": {
        "Anabaena sp.": [
            0.116666667,
            0.0433333333
        ]
    }
}