{
    "M01075": {
        "Comamonas testosteroni": [
            32000.0
        ],
        "Homo sapiens": [
            0.581666667,
            0.556666667
        ]
    }
}