{
    "REST": {
        "Xanthobacter autotrophicus": [
            0.23333333333333334
        ],
        "Cupriavidus metallidurans": [
            0.06166666666666667,
            48.333333333333336
        ]
    }
}